﻿Title,CoWorkerName,TicketsAllocated,TicketsUsed,Basket1,Basket2,Basket3,Basket4,Basket5,Basket6,Basket7,Basket8,Basket9,Basket10,Basket11,Basket12,Basket13,Basket14,Basket15,Basket16,Basket17,Basket18
Jennifer_Brakensiek_1171,"Brakensiek, Jennifer",35,35,3,,,,,8,,4,8,,,,4,,8,,,
Stephanie_Behnken_1170,"Behnken, Stephanie",24,24,,,,,,,,,,,,,,,24,,,
Lisa_Mulitsch_1169,"Mulitsch, Lisa",41,41,6,5,5,,2,,,,,1,,,5,,12,,5,
Dennis_Tice_1168,"Tice, Dennis",225,225,50,,,,,,,,,,,,,,75,,100,
Jennifer_Turpin_1167,"Turpin, Jennifer",35,35,,4,,,,,,5,7,,,5,,,10,,,4
Jessica_Garner_1166,"Garner, Jessica",120,120,20,,,,,,,,,,,,,,60,,40,
Kimberly_Ward_1165,"Ward, Kimberly",24,24,2,,4,1,,4,,3,3,,,,,,4,,3,
Jim_Wheeler_1164,"Wheeler, Jim",14,14,5,,,,,,,,,5,,,,,4,,,
Celia_McGraw_1163,"McGraw, Celia",14,14,1,,2,,,1,,1,,2,,1,1,,2,1,1,1
James_Bardol_1162,"Bardol, James",35,35,,,,,,,,,,,,15,,,15,5,,
Kelly_Wibbenmeyer_1161,"Wibbenmeyer, Kelly",120,120,20,20,,20,20,20,,,,,,,,,20,,,
Jennelle_James_1160,"James, Jennelle",35,35,5,10,,,,,,,,,,,,,20,,,
Jacob_Irwin_1159,"Irwin, Jacob",35,35,,,,,,,,,,,,12,,,14,,9,
Nathan_Glisczinski_1158,"Glisczinski, Nathan",35,35,,,,,,,,,,,,,,,,,35,
Mary_Proffer_1157,"Proffer, Mary",35,35,10,,,5,,,,,5,5,,,10,,,,,
Wade_Gammon_1156,"Gammon, Wade",24,24,,,,6,,6,,,6,,,6,,,,,,
Terry_McElroy_1155,"McElroy, Terry",35,35,,,5,4,,4,,,4,,,4,4,,5,,5,
Janell_DeClue_1154,"DeClue, Janell",120,120,10,10,15,,5,5,,10,10,5,,,5,,40,,5,
Jonathan_Schaben_1153,"Schaben, Jonathan",225,225,,,,,,,,,,,,225,,,,,,
Terri_Ward_1152,"Ward, Terri",35,35,5,,,,,,,,,,,,,,30,,,
Lauren_Heiligenstein_1151,"Heiligenstein, Lauren",120,120,10,10,5,10,10,5,,5,5,10,,10,10,,10,10,10,
Diana_Rosewicz_1150,"Rosewicz, Diana",120,120,,,,,,,,,,,,,,,40,40,40,
Susan_Cross_1149,"Cross, Susan",35,35,4,,4,,,,,4,5,,3,5,,,5,,5,
Scott_Richert_1148,"Richert, Scott",35,35,,,,,,18,,,,,,,,,17,,,
Terri_Bourisaw_1147,"Bourisaw, Terri",225,225,,,,,,,,,,,,,,,225,,,
Aqeel_Khan_1146,"Khan, Aqeel",120,120,10,,,15,,,,,5,5,,5,,5,5,40,30,
Emily_Stone_1145,"Stone, Emily",120,120,10,,20,,,10,50,,,20,,,,,10,,,
Allan_Smith_1144,"Smith, Allan",225,225,56,,56,,,,,,56,,,,,,57,,,
Ryan_Ly_1143,"Ly, Ryan",14,14,2,,2,,,,,,2,,,2,,,4,,2,
Dan_Magoc_1142,"Magoc, Dan",225,225,,,,,,,,50,50,25,,,,,50,,,50
Maria_Tucci_1141,"Tucci, Maria",35,35,,,,,,,,,,,,,15,,,20,,
Susan_Cross_1140,"Cross, Susan",35,35,2,,5,5,,,3,2,5,,,5,,,3,,5,
Greg_Harrison_1139,"Harrison, Greg",121,121,,,,,,,,,,,,,,,121,,,
Greg_Harrison_1138,"Harrison, Greg",120,120,,,,,,,,,,,,,,,120,,,
Kim_Martin_1137,"Martin, Kim",35,35,3,3,3,1,2,3,,,3,2,1,3,1,,5,2,3,
Stephanie_Linde_1136,"Linde, Stephanie",120,120,20,,,,,,,,20,20,,20,,,20,,20,
Christy_Font_1135,"Font, Christy",35,35,1,1,18,1,1,1,1,1,1,1,1,1,1,1,1,1,1,1
Ron_Bledsoe_1134,"Bledsoe, Ron",120,120,,,,,,,20,,20,,,,,,,,80,
Antoinette_Smith_1133,"Smith, Antoinette",120,120,20,,10,,,,,,20,,10,,,,40,,20,
Christy_Font_1132,"Font, Christy",225,225,1,2,3,4,5,6,7,8,9,10,11,12,13,14,69,16,17,18
Scott_Hinkle_1131,"Hinkle, Scott",120,120,,,,,,,,,,,,,,,20,100,,
Jenn_Drake_1130,"Drake, Jenn",35,35,2,,,,,,2,,,,,4,2,,4,20,,1
Jamie_Holland_1129,"Holland, Jamie",120,120,5,5,5,5,6,6,,5,5,5,5,8,6,1,40,5,8,
Payton_Lanzafame_1128,"Lanzafame, Payton",35,35,,,,,,,,,,,,,,,35,,,
Richard_Dunlap_1127,"Dunlap, Richard",35,35,,,,,,,,,,,,20,,,,,15,
Jack_Obert_1126,"Obert, Jack",35,35,,,11,,,,,,12,,,,,,,,12,
Renee_Maier_1125,"Maier, Renee",225,225,,,,,,,25,,,,,100,,,,,100,
Cathleen_Boncek_1124,"Boncek, Cathleen",35,35,7,,7,,,,7,,,7,,,,,7,,,
Doug_Graham_1123,"Graham, Doug",120,120,,,,,,,,,,,,,,,120,,,
Greg_Muschong_1122,"Muschong, Greg",35,35,5,2,2,,2,4,,2,,3,,5,,,5,,5,
Kimberly_Nugen_1121,"Nugen, Kimberly",120,120,8,8,8,8,8,8,1,7,8,7,7,7,7,,7,7,7,7
Patrick_Gasior_1120,"Gasior, Patrick",169,169,,,,30,,80,,,,59,,,,,,,,
Tiffany_Staat_1119,"Staat, Tiffany",120,120,,,,,,,,,,,,,,,120,,,
Andrew_McKinnon_1118,"McKinnon, Andrew",120,120,,,,,,,,,,,,,,,,,120,
Heidi_Jamrosz_1117,"Jamrosz, Heidi",35,35,,,,,,,,8,,,,,,,10,9,8,
Jenn_Montgomery_1116,"Montgomery, Jenn",120,120,30,,,,,20,,,,,,,,,40,,30,
Karthika_Vandavasi_1115,"Vandavasi, Karthika",35,35,,10,10,,,,,5,,,,,,,,10,,
Mary_Rohrbacker_1114,"Rohrbacker, Mary",360,360,,,,,,,360,,,,,,,,,,,
Lisa_Bequette_1113,"Bequette, Lisa",120,120,,5,20,5,5,5,5,5,5,5,5,5,5,,10,20,10,5
Christian_Trokey_1112,"Trokey, Christian",35,35,25,,,,,,,,5,,,,,,,,5,
Leisa_Hamlin_1111,"Hamlin, Leisa",120,120,20,,,,,,,20,10,,,10,20,10,,20,10,
Glenn_Butterbrodt_1110,"Butterbrodt, Glenn",120,120,10,,10,,,,,,15,,,20,5,,25,10,25,
Tiffany_Staat_1109,"Staat, Tiffany",120,120,20,,,,,,,,20,,,,20,,40,,20,
Srikanth_Yathigiri_1108,"Yathigiri, Srikanth",35,35,5,,5,,,5,,,5,,,,,,10,,5,
Rachel_Hartzell_1107,"Hartzell, Rachel",14,14,,,,3,,4,,,,,,,,,,7,,
Eric_Scheidhauer_1106,"Scheidhauer, Eric",14,14,,,,,,,,,,,,,,,14,,,
Jason_Simpson_1105,"Simpson, Jason",49,49,1,,,,,,1,,5,,,5,,,31,,5,1
John_Martin_1104,"Martin, John",35,35,,,5,,,5,,,,5,,,5,5,5,,5,
Cynthia_Turner_1103,"Turner, Cynthia",35,35,3,,,,,10,,4,5,,,,,,9,,4,
Julie_Augustine_1102,"Augustine, Julie",35,35,10,,,,,,,5,10,,,,,,,,10,
Shanon_Blevins_1101,"Blevins, Shanon",225,225,,,,,,,,,,,,,,,112,,113,
Cindy_Burch_1100,"Burch, Cindy",120,120,10,,,,,,5,20,,,,30,,,35,,20,
Alex_Cooke_1099,"Cooke, Alex",120,120,15,,,,,,,,15,,,,,,90,,,
Melissa_Miromonti_1098,"Miromonti, Melissa",225,225,30,30,,,15,30,,,30,,,30,,,30,,30,
Gina_Esau_1097,"Esau, Gina",120,120,20,,,,,,,20,20,,,,,,30,,30,
Suma_Narayan_1096,"Narayan, Suma",35,35,15,,,,,,,,20,,,,,,,,,
Eric_Wenzelburger_1095,"Wenzelburger, Eric",120,120,10,,,,,,,,,,,10,,,60,,40,
Bob_Heitzman_1094,"Heitzman, Bob",24,24,2,2,2,1,2,2,1,,2,2,,,2,,2,,2,2
Peter_Lemakis_1093,"Lemakis, Peter",35,35,10,,,,,,,,10,,,,,,,,,15
Candice_Hill_1092,"Hill, Candice",35,35,8,4,1,1,,1,2,1,5,1,,,1,,6,,4,
Mary_DAmico_1091,"DAmico, Mary",35,35,10,,,,,,,,,,,5,,,10,5,5,
Shanon_Blevins_1090,"Blevins, Shanon",225,225,,,,,,,,,,,,,,,113,,112,
James_Grover_1089,"Grover, James",225,225,75,,,,25,,,,25,,,70,,,20,10,,
JoAnn_Zipfel_1088,"Zipfel, JoAnn",120,120,10,20,,,,,,,10,,,10,,,50,,20,
Robert_Wehner_1087,"Wehner, Robert",120,120,,,,,18,,,,,,,20,40,,2,,40,
Kelly_Prince_1086,"Prince, Kelly",225,225,,,,,,,,,,,,,,,225,,,
Sarah_Morgan_1085,"Morgan, Sarah",450,450,10,,100,5,,5,,,100,5,,5,5,,115,,100,
Ryan_Mascare_1084,"Mascare, Ryan",35,35,,,,,,,,,,11,,,,,12,12,,
Ann_Greenlee_1083,"Greenlee, Ann",120,120,20,,,,,20,,,20,,,,,,10,25,25,
Colleen_Durawski_1082,"Durawski, Colleen",14,14,2,,,,,2,,,2,,,2,,,2,,2,2
Joseph_Hogan_1081,"Hogan, Joseph",14,14,2,,1,2,,,,,,8,,,,,1,,,
Maryann_Copenhaver_1079,"Copenhaver, Maryann",120,120,,,20,,,,,20,,,,20,,,20,20,20,
Cindy_Burch_1078,"Burch, Cindy",120,120,,20,,,,,,30,,,,30,,,40,,,
Kirsten_Baker_1077,"Baker, Kirsten",35,35,6,,4,,,4,,,6,,,5,,,5,,5,
Bhanu Teja_Kurucheti_1076,"Kurucheti, Bhanu Teja",120,120,,,,,,,,,,,,,,,120,,,
Greg_Sonnenberg_1075,"Sonnenberg, Greg",35,35,11,,,,,,5,,5,,,,,,11,,,3
Vickie_Rogers_1074,"Rogers, Vickie",35,35,3,1,2,2,2,3,,2,3,2,1,2,2,1,4,1,3,1
Emily_Stone_1073,"Stone, Emily",120,120,10,,20,,,10,,,,20,,10,,,50,,,
Jamie_Holland_1072,"Holland, Jamie",120,120,8,10,7,7,10,10,1,3,7,4,2,12,7,,16,4,12,
Jamie_D'Aquila_1071,"D'Aquila, Jamie",35,35,10,,,,,,,,5,,,,,,15,,5,
Danielle_Canaday_1070,"Canaday, Danielle",35,35,7,,,,,,5,,,,,6,,,10,,7,
Michelle_Hof_1069,"Hof, Michelle",35,35,,,,,,,,,35,,,,,,,,,
Sha_Green_1068,"Green, Sha",35,35,5,5,,5,,5,,,5,,,,,,5,,5,
Sheila_Vlaich_1067,"Vlaich, Sheila",35,35,,,,,,,,33,,,,,,,,,2,
Sravan_Pathi_1066,"Pathi, Sravan",35,35,5,5,10,,5,,,,,,,,,,5,,5,
Stephanie_Behnken_1065,"Behnken, Stephanie",120,120,5,,,20,,,,5,15,,,10,,,10,25,30,
Heather_Dalton_1064,"Dalton, Heather",35,35,5,,10,,,,,,10,,,,,,10,,,
Lara_Dame_1063,"Dame, Lara",59,59,5,,,5,,5,,,7,5,,7,,,15,,10,
Lori_Sturgill_1062,"Sturgill, Lori",225,225,,,,,,,25,,,,,,,,100,,100,
Savannah_Holland_1061,"Holland, Savannah",120,120,,10,,20,,20,,,,,,,30,,30,,10,
Colleen_Vitale_1060,"Vitale, Colleen",14,14,2,,2,,,,,,2,,,1,,,3,2,2,
Dennis_Kleine_1059,"Kleine, Dennis",225,225,,,,,,,,,,,,50,,,,150,,25
Elizabeth_Jones_1058,"Jones, Elizabeth",35,35,1,,,1,,2,1,2,2,14,1,1,5,,2,,3,
Kirk_Pedersen_1057,"Pedersen, Kirk",35,35,,,,,,,,,,,,,,,,,35,
Chris_Barton_1056,"Barton, Chris",35,35,35,,,,,,,,,,,,,,,,,
Connie_Hull_1055,"Hull, Connie",35,35,3,,,,,,,,10,,,7,,,10,,5,
Allegra_Worsham_1054,"Worsham, Allegra",120,120,10,5,5,,5,5,5,5,10,5,,5,5,,40,,15,
Lisa_Ewing_1053,"Ewing, Lisa",35,35,,,,,,,,,10,,,,,,15,,10,
Rita_Humphreys_1052,"Humphreys, Rita",225,225,,,,,,,25,,,,,100,,,,,100,
Joe_Bohnenkemper_1051,"Bohnenkemper, Joe",35,35,8,,,,,,2,,3,,,10,,,5,,7,
Matthew_Baker_1050,"Baker, Matthew",120,120,,,,,,,,,10,,,,,,10,,100,
Ron_Gathing_1049,"Gathing, Ron",35,35,5,,5,,,,,,5,,,5,,,10,,5,
Todd_Alexander_1048,"Alexander, Todd",35,35,5,,,,,,,,,,,5,,,20,,5,
Jessica_Garner_1047,"Garner, Jessica",120,120,20,,,,,,,,,,,,,,60,,40,
Jessica_Mills_1046,"Mills, Jessica",120,120,8,,8,19,,20,,8,10,8,,,1,,25,,13,
Elizabeth_Becker_1045,"Becker, Elizabeth",24,24,,,,,,,,,8,,,,,,8,,8,
Brian_Patrick_1044,"Patrick, Brian",12,12,,,,,,,,,,,,,,,12,,,
Brett_Askinazi_1043,"Askinazi, Brett",18,18,18,,,,,,,,,,,,,,,,,
Tim_Spitznagel_1042,"Spitznagel, Tim",12,12,,,,,,,,,,,,,,,6,,6,
Chris_Bailey_1041,"Bailey, Chris",12,12,,,,,,,,,6,,,,,,6,,,
Ryan_Mascare_1040,"Mascare, Ryan",12,12,12,,,,,,,,,,,,,,,,,
Chandler_Hailstone_1039,"Hailstone, Chandler",18,18,18,,,,,,,,,,,,,,,,,
Carolyn_King_1038,"King, Carolyn",12,12,5,,2,,,,,,1,,,,,,4,,,
Sarah_Taylor_1037,"Taylor, Sarah",12,12,3,,,,,,,,,3,,3,,,,,3,
Dana_Brellinger_1036,"Brellinger, Dana",12,12,,,,6,,,,,,,,,,,6,,,
Tameka_Woodson_1035,"Woodson, Tameka",35,35,7,,,,,,,,5,,,4,,,15,,4,
Andrew_McKinnon_1034,"McKinnon, Andrew",120,120,,,,,,,,,120,,,,,,,,,
Sharon_Crabtree_1032,"Crabtree, Sharon",35,35,,,5,5,,,,,5,,,,,,5,10,5,
Grace_Koentz_1031,"Koentz, Grace",35,35,,5,,,5,20,,,,,,,5,,,,,
Lauren_Heiligenstein_1030,"Heiligenstein, Lauren",120,120,10,,5,10,5,10,5,10,10,10,,10,,5,10,10,10,
Leah_Reid_1029,"Reid, Leah",24,24,3,,,,,,2,,3,,,6,,,5,,5,
Jonathan_Pimentel_1028,"Pimentel, Jonathan",120,120,20,,,,,,,,,,,20,,,50,,30,
Douglass_Voshage_1027,"Voshage, Douglass",35,35,,,,,,,,,5,5,,10,5,,5,,,5
Doug_Graham_1026,"Graham, Doug",120,120,20,,20,20,,,10,,20,,,,,,20,,10,
Laura_Schweiss_1025,"Schweiss, Laura",35,35,3,4,4,,,4,,,3,5,,4,,,5,,3,
Tracy_Breece_1024,"Breece, Tracy",120,120,25,,25,,,10,,,,,,10,,,20,,30,
Nicole_Klein_1023,"Klein, Nicole",35,35,10,,,,,,,,10,,,,,,15,,,
Dorothy_Alfon_1021,"Alfon, Dorothy",120,120,30,,,,,,,,,,,30,,,30,,30,
Rachel_Otten_1020,"Otten, Rachel",14,14,2,,,,,,,,3,,,,,,6,,3,
Stephanie_Behnken_1019,"Behnken, Stephanie",120,120,,,,,,,,,,9,11,15,5,,14,44,20,2
Lauren_Dierking_1018,"Dierking, Lauren",35,35,,,,,,10,,10,,,5,,5,5,,,,
Samantha_Sills_1017,"Sills, Samantha",14,14,,,14,,,,,,,,,,,,,,,
Debbie_Heberlein_1016,"Heberlein, Debbie",35,35,,,,,,,,,,5,10,,,,20,,,
Sarah_Drake_1015,"Drake, Sarah",120,120,25,,50,,,,,,,,,20,,,,,25,
Mark_Bryzeal_1014,"Bryzeal, Mark",35,35,10,,,,,,,,,,,10,,,15,,,
Jason_Hunziker_1013,"Hunziker, Jason",35,35,5,,,,,,,,,,,5,,,15,,10,
Jeff_Lanoye_1012,"Lanoye, Jeff",120,120,20,,,,,,,,,,10,15,,,30,,30,15
Patti_Zdrodowski_1011,"Zdrodowski, Patti",35,35,2,0,1,,1,1,,,1,1,,2,10,,8,7,1,
Ronald_Haymore_1010,"Haymore, Ronald",35,35,5,,,,,,,,6,,,6,6,,6,,6,
Laura_Derrington_1009,"Derrington, Laura",35,35,,,5,,,,3,,5,,,5,,,7,5,5,
Illa_Shah_1008,"Shah, Illa",120,120,30,,,,,,,,40,,,,,,50,,,
Michelle_Heilich_1007,"Heilich, Michelle",24,24,5,,,,,,3,3,,,3,3,,,3,,4,
Pamela_Kampeter_1006,"Kampeter, Pamela",35,35,5,,4,,,8,,,3,,,,,,10,,5,
Chelsea_West_1005,"West, Chelsea",450,450,,,,50,,100,,,,,,,,,250,,50,
Debbie_O'Neal_1004,"O'Neal, Debbie",35,35,4,,3,,4,,,,4,3,,,2,,8,7,,
Toni_Dudley_1003,"Dudley, Toni",120,120,,,,,,10,,,,,5,30,15,,30,,30,
Vicky_Spies_1002,"Spies, Vicky",120,120,,20,,,,50,,,,50,,,,,,,,
Vicky_Spies_1001,"Spies, Vicky",120,120,,,,,,,,,,,,,20,,50,,50,
Vijoy_Ummer_1000,"Ummer, Vijoy",35,35,35,,,,,,,,,,,,,,,,,
Glenn_Butterbrodt_999,"Butterbrodt, Glenn",120,120,20,,15,,,,,,10,,,15,,,40,,20,
Ramagopala_Chaturvedula_998,"Chaturvedula, Ramagopala",225,225,10,10,10,25,10,10,10,10,10,50,10,10,10,,10,10,10,10
Courtney_Hollenbach_997,"Hollenbach, Courtney",120,120,,,,,,50,,,30,,,,,,20,,20,
Nick_Boyer_996,"Boyer, Nick",120,120,15,,5,,,,,,15,,10,15,,,40,,20,
Karrie_Ellis_995,"Ellis, Karrie",24,24,5,,,,,,,5,5,,,5,,,,,4,
Tammy_Mereness_994,"Mereness, Tammy",120,120,,,,60,,,,,,,,,,,60,,,
Stephanie_Behnken_993,"Behnken, Stephanie",120,120,5,15,15,40,5,10,7,7,10,6,,,,,,,,
Debbie_Murphy_992,"Murphy, Debbie",225,225,15,2,25,3,2,10,2,2,30,5,3,25,3,,65,1,30,2
Lisa_Bequette_991,"Bequette, Lisa",120,120,1,2,2,,2,15,1,,15,20,2,15,,,2,31,10,2
Sharon_Kozuszek_990,"Kozuszek, Sharon",35,35,,,,,,5,,,5,,,5,,,10,5,5,
Tom_Forsyth_989,"Forsyth, Tom",35,35,5,,,,,,,,6,,,,,,15,,6,3
John_Kremer_988,"Kremer, John",70,70,,,15,,,,,,,,,15,,,25,,15,
Alexa_Clark_987,"Clark, Alexa",35,35,5,,10,10,,,,,,,,,,,10,,,
Brittany_Masslon_986,"Masslon, Brittany",24,24,4,,,,,,1,1,5,,,3,,,6,,4,
Karissa_Miller_985,"Miller, Karissa",120,120,,,,,,70,,,,,,,,,,,50,
Sherry_Hood_984,"Hood, Sherry",35,35,,,,,,,,,,5,,15,,,,,15,
Margie_Dyer_983,"Dyer, Margie",120,120,5,30,,,30,8,,,,8,,,3,,30,,3,3
Ashley_Kidder_982,"Kidder, Ashley",35,35,2,,,,,,,,2,,,2,,,12,12,5,
Beverly_White_981,"White, Beverly",120,120,20,,25,,,,,,25,,,,,,30,,20,
Nancy_Krautmann_980,"Krautmann, Nancy",225,225,12,12,18,20,12,15,5,5,6,15,10,20,12,1,20,20,20,2
Michelle_Theerman_978,"Theerman, Michelle",35,35,5,,,,,,,,10,,,,,,10,,10,
Ashley_Rosenfeld_977,"Rosenfeld, Ashley",14,14,1,1,1,1,1,1,1,,1,2,1,,,,2,1,,
Tracey_Inman_976,"Inman, Tracey",225,225,,,,,,,,25,,,,,75,,60,65,,
Alda_Mizaku_975,"Mizaku, Alda",14,14,3,2,,2,1,,1,1,,,,,,,3,,1,
Brandi_Sopher_974,"Sopher, Brandi",120,120,20,,30,,,,,,20,,,,,,40,,10,
Diana_Rystrom_973,"Rystrom, Diana",120,120,12,,13,,5,5,,2,12,,,5,,,30,15,21,
Ivonne_Artica_972,"Artica, Ivonne",35,35,,,15,,,10,,5,,,,,,,5,,,
Nancy_Forsythe_971,"Forsythe, Nancy",24,24,4,,4,,,,,,4,,,4,,,4,,4,
Tom_Dalaviras_970,"Dalaviras, Tom",120,120,16,16,16,6,,,,,16,6,,6,6,,16,,16,
Elizabeth_Piechocinski_969,"Piechocinski, Elizabeth",120,120,,,,,,,,,,,,,,,60,,60,
Scott_Filla_968,"Filla, Scott",35,35,10,,5,,,,,5,,,,5,,,10,,,
Stephenie_Hargrove_967,"Hargrove, Stephenie",35,35,3,1,1,1,1,2,1,3,2,1,2,2,2,,5,3,3,2
Tina_Thaler_966,"Thaler, Tina",120,120,15,,15,,,,,,15,15,,15,15,,15,,15,
Ashley_Rosenfeld_965,"Rosenfeld, Ashley",35,35,5,,,2,2,3,3,3,3,1,1,5,1,,,,6,
Janice_Maassen_964,"Maassen, Janice",120,120,15,,,10,5,10,5,,15,,5,10,5,,,15,20,5
Savannah_Holland_963,"Holland, Savannah",120,120,10,4,,10,,2,,10,10,4,,10,20,,20,,20,
Billie_Maletich_962,"Maletich, Billie",120,120,,,5,,,,,10,,,,20,,,60,,20,5
Kathy_Bishop_961,"Bishop, Kathy",35,35,,,,,,,,,,,,,35,,,,,
Julie_Keller_960,"Keller, Julie",120,120,15,,,,,,,,,,,,,,105,,,
Melissa_Kovacs_959,"Kovacs, Melissa",35,35,13,,5,,,,,5,,,,,,,12,,,
Gina_Dixon_958,"Dixon, Gina",225,225,15,20,10,10,20,25,,10,15,15,5,15,10,,25,5,20,5
Sue_Grover_957,"Grover, Sue",35,35,2,3,,,,4,,4,4,,,5,,,1,,6,6
Jason_Daman_956,"Daman, Jason",120,120,20,,,10,,,,,10,,,,,,40,,40,
Mike_Moore_955,"Moore, Mike",120,120,5,5,5,20,5,5,,,15,5,,10,5,,15,5,15,5
Dale_Rapp_954,"Rapp, Dale",14,14,2,2,,,,2,,,2,2,,2,,,2,,,
Joseph_Alrutz_953,"Alrutz, Joseph",14,14,,,,,,,,,,,,,,,,,14,
Jennifer_Benz_952,"Benz, Jennifer",120,120,20,,,,,,,25,20,,,,,,20,25,10,
Stephanie_Linde_951,"Linde, Stephanie",120,120,10,,,10,,,,,20,20,,20,,,20,,20,
Jeff_Del Vecchio_950,"Del Vecchio, Jeff",225,225,,,,,,,,,25,,,25,,,100,,75,
Annie_Lane_949,"Lane, Annie",120,120,,,,,,,,,,,,60,,,,,60,
Colleen_Beuttenmuller_948,"Beuttenmuller, Colleen",35,35,7,,,,,,,,7,,,15,,,,,6,
Sharon_Kness_947,"Kness, Sharon",35,35,5,5,,,,5,,,7,,,5,,,,,8,
Katherine_Cline_946,"Cline, Katherine",120,120,15,,,,10,,,5,5,,,20,,,20,15,25,5
Allegra_Worsham_945,"Worsham, Allegra",120,120,10,10,12,,,5,10,10,10,,5,10,8,,15,,10,5
Chris_Berra_944,"Berra, Chris",120,120,40,,,,,,,,,,,,,,80,,,
Amy_Lynch_943,"Lynch, Amy",35,35,4,2,2,2,,,3,2,3,2,,2,2,,7,,2,2
Niki_Burgdorf_942,"Burgdorf, Niki",14,14,5,,,,,,,,,,,,,,7,,2,
Karen_Taylor_941,"Taylor, Karen",35,35,,,,,,,,,,,,,,,10,,25,
Sara_Yu_940,"Yu, Sara",120,120,15,,,15,,15,15,,,,,15,15,,15,,15,
Missy_Seabaugh_939,"Seabaugh, Missy",14,14,,,,,,,,,,,,,,,14,,,
Ethan_Marose_938,"Marose, Ethan",120,120,15,,1,1,1,1,1,1,15,1,1,30,1,1,30,10,10,
Corbett_Bloom_937,"Bloom, Corbett",120,120,,,50,30,,,20,,,,,,,,,,20,
Matt_Ference_936,"Ference, Matt",6,6,1,,1,,,1,,,,,,,,,2,,1,
Stacey_Wright_935,"Wright, Stacey",225,225,10,10,20,,10,10,,10,20,25,10,25,,,10,20,25,20
Kristina_Dover_934,"Dover, Kristina",120,120,30,,,,,30,,30,,,,,,,30,,,
Nick_Ferder_933,"Ferder, Nick",35,35,,,,,,,,,,,,,,,,35,,
Felix_Li_932,"Li, Felix",35,35,5,,,,,10,,,,,,3,,,17,,,
Michelle_Hopper_931,"Hopper, Michelle",120,120,7,6,10,,6,10,8,,12,,,12,7,,15,7,15,5
Ed_Williamson_930,"Williamson, Ed",35,35,,,,,,,,,,,,,,,35,,,
Dawn_Goodwin_929,"Goodwin, Dawn",225,225,0,,,100,,25,,,,,,30,,,,25,30,15
Dolores_Ruess_928,"Ruess, Dolores",225,225,30,,20,,,,,,40,,25,30,,,40,,40,
Carolyn_King_927,"King, Carolyn",35,35,5,,,5,,,,,10,,,,,,15,,,
Traci_Boyd_926,"Boyd, Traci",24,24,1,2,2,1,1,2,1,2,1,1,1,2,1,,2,1,2,1
Kimberly_Henderson_925,"Henderson, Kimberly",35,35,6,1,,,,5,,,6,,,2,,,10,,5,
Stephenie_Hargrove_924,"Hargrove, Stephenie",35,35,3,1,1,1,1,1,1,2,3,1,2,3,4,,5,1,2,3
Rina_Ridgway_923,"Ridgway, Rina",120,120,,,,,,120,,,,,,,,,,,,
Randal_Sorensen_922,"Sorensen, Randal",225,225,50,,,,,,,,,,,25,,,125,,25,
Lori_Prewitt_921,"Prewitt, Lori",120,120,,,,,,60,,,60,,,,,,,,,
Todd_Craig_920,"Craig, Todd",120,120,,,,,,10,,,,20,,,,,,40,50,
Joanna_Montgomery_919,"Montgomery, Joanna",120,120,10,,,,,,,,60,,,30,,,20,,,
Jennelle_James_918,"James, Jennelle",35,35,10,,,10,,,,,5,,,,,,10,,,
Jason_Brasher_916,"Brasher, Jason",35,35,,,,,,,,,,,,5,,,20,,10,
Paul_Bukovic_915,"Bukovic, Paul",35,35,,,,,,,,,,,,,,,35,,,
Andrew_McKinnon_914,"McKinnon, Andrew",120,120,,,,,,,,,80,,,,,,,,40,
Stephanie_Murschel_913,"Murschel, Stephanie",60,60,3,1,1,,3,3,,,4,5,,12,3,,12,1,12,
Carol_Howell_912,"Howell, Carol",120,120,10,10,,,10,10,5,,10,10,,5,15,,5,5,15,10
Ruth_Nadler_911,"Nadler, Ruth",35,35,3,2,2,2,2,2,2,2,2,2,2,2,2,,2,2,2,2
,,,,,,,,,,,,,,,,,,,,,
,,,,,,,,,,,,,,,,,,,,,
,,,,,,,,,,,,,,,,,,,,,
,,,,,,,,,,,,,,,,,,,,,
,,,,,,,,,,,,,,,,,,,,,
,,,,,,,,,,,,,,,,,,,,,
,,,,,,,,,,,,,,,,,,,,,
,,,,,,,,,,,,,,,,,,,,,
,,,,,,,,,,,,,,,,,,,,,
,,,,,,,,,,,,,,,,,,,,,
,,,,,,,,,,,,,,,,,,,,,
,,,,,,,,,,,,,,,,,,,,,
,,,,,,,,,,,,,,,,,,,,,
,,,,,,,,,,,,,,,,,,,,,
,,,,,,,,,,,,,,,,,,,,,
,,,,,,,,,,,,,,,,,,,,,
,,,,,,,,,,,,,,,,,,,,,
,,,,,,,,,,,,,,,,,,,,,
,,,,,,,,,,,,,,,,,,,,,
,,,,,,,,,,,,,,,,,,,,,
,,,,,,,,,,,,,,,,,,,,,
,,,,,,,,,,,,,,,,,,,,,
,,,,,,,,,,,,,,,,,,,,,
,,,,,,,,,,,,,,,,,,,,,
,,,,,,,,,,,,,,,,,,,,,
,,,,,,,,,,,,,,,,,,,,,
,,,,,,,,,,,,,,,,,,,,,
,,,,,,,,,,,,,,,,,,,,,
,,,,,,,,,,,,,,,,,,,,,
,,,,,,,,,,,,,,,,,,,,,
,,,,,,,,,,,,,,,,,,,,,
,,,,,,,,,,,,,,,,,,,,,
,,,,,,,,,,,,,,,,,,,,,
,,,,,,,,,,,,,,,,,,,,,
,,,,,,,,,,,,,,,,,,,,,
,,,,,,,,,,,,,,,,,,,,,
,,,,,,,,,,,,,,,,,,,,,
,,,,,,,,,,,,,,,,,,,,,
,,,,,,,,,,,,,,,,,,,,,
,,,,,,,,,,,,,,,,,,,,,
,,,,,,,,,,,,,,,,,,,,,
,,,,,,,,,,,,,,,,,,,,,
,,,,,,,,,,,,,,,,,,,,,
,,,,,,,,,,,,,,,,,,,,,
,,,,,,,,,,,,,,,,,,,,,
,,,,,,,,,,,,,,,,,,,,,
,,,,,,,,,,,,,,,,,,,,,
,,,,,,,,,,,,,,,,,,,,,
,,,,,,,,,,,,,,,,,,,,,
,,,,,,,,,,,,,,,,,,,,,
,,,,,,,,,,,,,,,,,,,,,
,,,,,,,,,,,,,,,,,,,,,
,,,,,,,,,,,,,,,,,,,,,
,,,,,,,,,,,,,,,,,,,,,
,,,,,,,,,,,,,,,,,,,,,
,,,,,,,,,,,,,,,,,,,,,
,,,,,,,,,,,,,,,,,,,,,
