﻿Title,CoWorkerName,TicketsAllocated,TicketsUsed,Basket1,Basket2,Basket3,Basket4,Basket5,Basket6,Basket7,Basket8,Basket9,Basket10,AmountDonated,Basket11,Basket12,Basket13,Basket14,Basket15,Basket16,Basket17,Basket18,Basket19,Basket20,Basket21,Basket22,Basket23,Basket24,Basket25,Basket26,Basket27,Item Type,Path
Jennifer_Brakensiek_1171,"Brakensiek, Jennifer",35,35,3,,,,,8,,4,8,, $20.00 ,,,4,,8,,,,,,,,,,,25,25,Item,ministry/holidayraffle/Lists/HolidayBaskets
Stephanie_Behnken_1170,"Behnken, Stephanie",24,24,,,,,,,,,,, $15.00 ,,,,,24,,,,,,,,5,,,,,Item,ministry/holidayraffle/Lists/HolidayBaskets
Lisa_Mulitsch_1169,"Mulitsch, Lisa",41,41,6,5,5,,2,,,,,1, $25.00 ,,,5,,12,,5,,,,,,,,,,,Item,ministry/holidayraffle/Lists/HolidayBaskets
Dennis_Tice_1168,"Tice, Dennis",225,225,50,,,,,,,,,, $100.00 ,,,,,75,,100,,,,100,,50,,,,,Item,ministry/holidayraffle/Lists/HolidayBaskets
Jennifer_Turpin_1167,"Turpin, Jennifer",35,35,,4,,,,,,5,7,, $20.00 ,,5,,,10,,,4,,,,,,,,,,Item,ministry/holidayraffle/Lists/HolidayBaskets
Jessica_Garner_1166,"Garner, Jessica",120,120,20,,,,,,,,,, $50.00 ,,,,,60,,40,,,10,25,,,,,,,Item,ministry/holidayraffle/Lists/HolidayBaskets
Kimberly_Ward_1165,"Ward, Kimberly",24,24,2,,4,1,,4,,3,3,, $15.00 ,,,,,4,,3,,,1,2,,,1,,,,Item,ministry/holidayraffle/Lists/HolidayBaskets
Jim_Wheeler_1164,"Wheeler, Jim",14,14,5,,,,,,,,,5, $10.00 ,,,,,4,,,,,,,,,,,,,Item,ministry/holidayraffle/Lists/HolidayBaskets
Celia_McGraw_1163,"McGraw, Celia",14,14,1,,2,,,1,,1,,2, $10.00 ,,1,1,,2,1,1,1,,20,,,,,,8,,Item,ministry/holidayraffle/Lists/HolidayBaskets
James_Bardol_1162,"Bardol, James",35,35,,,,,,,,,,, $20.00 ,,15,,,15,5,,,,,10,,,,,,,Item,ministry/holidayraffle/Lists/HolidayBaskets
Kelly_Wibbenmeyer_1161,"Wibbenmeyer, Kelly",120,120,20,20,,20,20,20,,,,, $50.00 ,,,,,20,,,,,,,1,,,,1,,Item,ministry/holidayraffle/Lists/HolidayBaskets
Jennelle_James_1160,"James, Jennelle",35,35,5,10,,,,,,,,, $20.00 ,,,,,20,,,,,2,10,,,,,,,Item,ministry/holidayraffle/Lists/HolidayBaskets
Jacob_Irwin_1159,"Irwin, Jacob",35,35,,,,,,,,,,, $20.00 ,,12,,,14,,9,,,,,,,,,,,Item,ministry/holidayraffle/Lists/HolidayBaskets
Nathan_Glisczinski_1158,"Glisczinski, Nathan",35,35,,,,,,,,,,, $20.00 ,,,,,,,35,,,,,,,,,,,Item,ministry/holidayraffle/Lists/HolidayBaskets
Mary_Proffer_1157,"Proffer, Mary",35,35,10,,,5,,,,,5,5, $20.00 ,,,10,,,,,,25,,,,10,,5,,,Item,ministry/holidayraffle/Lists/HolidayBaskets
Wade_Gammon_1156,"Gammon, Wade",24,24,,,,6,,6,,,6,, $15.00 ,,6,,,,,,,,,5,,,,,,,Item,ministry/holidayraffle/Lists/HolidayBaskets
Terry_McElroy_1155,"McElroy, Terry",35,35,,,5,4,,4,,,4,, $20.00 ,,4,4,,5,,5,,1,8,8,1,1,1,1,1,1,Item,ministry/holidayraffle/Lists/HolidayBaskets
Janell_DeClue_1154,"DeClue, Janell",120,120,10,10,15,,5,5,,10,10,5, $50.00 ,,,5,,40,,5,,,,,,,,,,,Item,ministry/holidayraffle/Lists/HolidayBaskets
Jonathan_Schaben_1153,"Schaben, Jonathan",225,225,,,,,,,,,,, $100.00 ,,225,,,,,,,,,,,6,,,5,6,Item,ministry/holidayraffle/Lists/HolidayBaskets
Terri_Ward_1152,"Ward, Terri",35,35,5,,,,,,,,,, $20.00 ,,,,,30,,,,,,,,,,,,,Item,ministry/holidayraffle/Lists/HolidayBaskets
Lauren_Heiligenstein_1151,"Heiligenstein, Lauren",120,120,10,10,5,10,10,5,,5,5,10, $50.00 ,,10,10,,10,10,10,,2,2,10,10,2,2,5,5,2,Item,ministry/holidayraffle/Lists/HolidayBaskets
Diana_Rosewicz_1150,"Rosewicz, Diana",120,120,,,,,,,,,,, $50.00 ,,,,,40,40,40,,,,,,,,,,,Item,ministry/holidayraffle/Lists/HolidayBaskets
Susan_Cross_1149,"Cross, Susan",35,35,4,,4,,,,,4,5,, $20.00 ,3,5,,,5,,5,,,20,,,,,,,,Item,ministry/holidayraffle/Lists/HolidayBaskets
Scott_Richert_1148,"Richert, Scott",35,35,,,,,,18,,,,, $20.00 ,,,,,17,,,,,4,6,,,,,,,Item,ministry/holidayraffle/Lists/HolidayBaskets
Terri_Bourisaw_1147,"Bourisaw, Terri",225,225,,,,,,,,,,, $100.00 ,,,,,225,,,,,,,,,,,,,Item,ministry/holidayraffle/Lists/HolidayBaskets
Aqeel_Khan_1146,"Khan, Aqeel",120,120,10,,,15,,,,,5,5, $50.00 ,,5,,5,5,40,30,,,5,2,,,,,,,Item,ministry/holidayraffle/Lists/HolidayBaskets
Emily_Stone_1145,"Stone, Emily",120,120,10,,20,,,10,50,,,20, $50.00 ,,,,,10,,,,10,,10,10,,,5,,5,Item,ministry/holidayraffle/Lists/HolidayBaskets
Allan_Smith_1144,"Smith, Allan",225,225,56,,56,,,,,,56,, $100.00 ,,,,,57,,,,,,,,,,,,,Item,ministry/holidayraffle/Lists/HolidayBaskets
Ryan_Ly_1143,"Ly, Ryan",14,14,2,,2,,,,,,2,, $10.00 ,,2,,,4,,2,,,,,,,,,,,Item,ministry/holidayraffle/Lists/HolidayBaskets
Dan_Magoc_1142,"Magoc, Dan",225,225,,,,,,,,50,50,25, $100.00 ,,,,,50,,,50,,,4,,,,,,,Item,ministry/holidayraffle/Lists/HolidayBaskets
Maria_Tucci_1141,"Tucci, Maria",35,35,,,,,,,,,,, $20.00 ,,,15,,,20,,,,,,,,,,,,Item,ministry/holidayraffle/Lists/HolidayBaskets
Susan_Cross_1140,"Cross, Susan",35,35,2,,5,5,,,3,2,5,, $20.00 ,,5,,,3,,5,,6,2,6,3,3,2,5,5,2,Item,ministry/holidayraffle/Lists/HolidayBaskets
Greg_Harrison_1139,"Harrison, Greg",121,121,,,,,,,,,,, $51.00 ,,,,,121,,,,5,,2,,,,,,,Item,ministry/holidayraffle/Lists/HolidayBaskets
Greg_Harrison_1138,"Harrison, Greg",120,120,,,,,,,,,,, $50.00 ,,,,,120,,,,5,5,10,5,,,,5,,Item,ministry/holidayraffle/Lists/HolidayBaskets
Kim_Martin_1137,"Martin, Kim",35,35,3,3,3,1,2,3,,,3,2, $20.00 ,1,3,1,,5,2,3,,,,45,,,,,,,Item,ministry/holidayraffle/Lists/HolidayBaskets
Stephanie_Linde_1136,"Linde, Stephanie",120,120,20,,,,,,,,20,20, $50.00 ,,20,,,20,,20,,,,,,,,,,,Item,ministry/holidayraffle/Lists/HolidayBaskets
Christy_Font_1135,"Font, Christy",35,35,1,1,18,1,1,1,1,1,1,1, $20.00 ,1,1,1,1,1,1,1,1,,11,7,,,,,,,Item,ministry/holidayraffle/Lists/HolidayBaskets
Ron_Bledsoe_1134,"Bledsoe, Ron",120,120,,,,,,,20,,20,, $50.00 ,,,,,,,80,,,,10,,15,10,,,,Item,ministry/holidayraffle/Lists/HolidayBaskets
Antoinette_Smith_1133,"Smith, Antoinette",120,120,20,,10,,,,,,20,, $50.00 ,10,,,,40,,20,,,,5,,,,,,,Item,ministry/holidayraffle/Lists/HolidayBaskets
Christy_Font_1132,"Font, Christy",225,225,1,2,3,4,5,6,7,8,9,10, $100.00 ,11,12,13,14,69,16,17,18,,,30,,,,,,,Item,ministry/holidayraffle/Lists/HolidayBaskets
Scott_Hinkle_1131,"Hinkle, Scott",120,120,,,,,,,,,,, $50.00 ,,,,,20,100,,,,,5,,5,5,,,,Item,ministry/holidayraffle/Lists/HolidayBaskets
Jenn_Drake_1130,"Drake, Jenn",35,35,2,,,,,,2,,,, $20.00 ,,4,2,,4,20,,1,,33,,,,,,,,Item,ministry/holidayraffle/Lists/HolidayBaskets
Jamie_Holland_1129,"Holland, Jamie",120,120,5,5,5,5,6,6,,5,5,5, $50.00 ,5,8,6,1,40,5,8,,1,15,10,1,,1,,1,,Item,ministry/holidayraffle/Lists/HolidayBaskets
Payton_Lanzafame_1128,"Lanzafame, Payton",35,35,,,,,,,,,,, $20.00 ,,,,,35,,,,,,,,,,,,,Item,ministry/holidayraffle/Lists/HolidayBaskets
Richard_Dunlap_1127,"Dunlap, Richard",35,35,,,,,,,,,,, $20.00 ,,20,,,,,15,,,,,,,,,,,Item,ministry/holidayraffle/Lists/HolidayBaskets
Jack_Obert_1126,"Obert, Jack",35,35,,,11,,,,,,12,, $20.00 ,,,,,,,12,,,,,,,,,,,Item,ministry/holidayraffle/Lists/HolidayBaskets
Renee_Maier_1125,"Maier, Renee",225,225,,,,,,,25,,,, $100.00 ,,100,,,,,100,,,20,,,,,,,,Item,ministry/holidayraffle/Lists/HolidayBaskets
Cathleen_Boncek_1124,"Boncek, Cathleen",35,35,7,,7,,,,7,,,7, $20.00 ,,,,,7,,,,,5,,,,,,5,,Item,ministry/holidayraffle/Lists/HolidayBaskets
Doug_Graham_1123,"Graham, Doug",120,120,,,,,,,,,,, $50.00 ,,,,,120,,,,,10,10,,,10,,,,Item,ministry/holidayraffle/Lists/HolidayBaskets
Greg_Muschong_1122,"Muschong, Greg",35,35,5,2,2,,2,4,,2,,3, $20.00 ,,5,,,5,,5,,,,5,,,,,,,Item,ministry/holidayraffle/Lists/HolidayBaskets
Kimberly_Nugen_1121,"Nugen, Kimberly",120,120,8,8,8,8,8,8,1,7,8,7, $50.00 ,7,7,7,,7,7,7,7,,7,5,,,,,,,Item,ministry/holidayraffle/Lists/HolidayBaskets
Patrick_Gasior_1120,"Gasior, Patrick",169,169,,,,30,,80,,,,59, $80.00 ,,,,,,,,,,,3,,,,,3,,Item,ministry/holidayraffle/Lists/HolidayBaskets
Tiffany_Staat_1119,"Staat, Tiffany",120,120,,,,,,,,,,, $50.00 ,,,,,120,,,,,,1,,,,,1,,Item,ministry/holidayraffle/Lists/HolidayBaskets
Andrew_McKinnon_1118,"McKinnon, Andrew",120,120,,,,,,,,,,, $50.00 ,,,,,,,120,,,1,3,1,1,,1,1,,Item,ministry/holidayraffle/Lists/HolidayBaskets
Heidi_Jamrosz_1117,"Jamrosz, Heidi",35,35,,,,,,,,8,,, $20.00 ,,,,,10,9,8,,,2,,,,1,,,,Item,ministry/holidayraffle/Lists/HolidayBaskets
Jenn_Montgomery_1116,"Montgomery, Jenn",120,120,30,,,,,20,,,,, $50.00 ,,,,,40,,30,,,,,,,,,,,Item,ministry/holidayraffle/Lists/HolidayBaskets
Karthika_Vandavasi_1115,"Vandavasi, Karthika",35,35,,10,10,,,,,5,,, $20.00 ,,,,,,10,,,2,,4,,,2,,,,Item,ministry/holidayraffle/Lists/HolidayBaskets
Mary_Rohrbacker_1114,"Rohrbacker, Mary",360,360,,,,,,,360,,,, $150.00 ,,,,,,,,,,1,1,,,,,2,,Item,ministry/holidayraffle/Lists/HolidayBaskets
Lisa_Bequette_1113,"Bequette, Lisa",120,120,,5,20,5,5,5,5,5,5,5, $50.00 ,5,5,5,,10,20,10,5,,,,,,,,,,Item,ministry/holidayraffle/Lists/HolidayBaskets
Christian_Trokey_1112,"Trokey, Christian",35,35,25,,,,,,,,5,, $20.00 ,,,,,,,5,,,10,,,,,,,,Item,ministry/holidayraffle/Lists/HolidayBaskets
Leisa_Hamlin_1111,"Hamlin, Leisa",120,120,20,,,,,,,20,10,, $50.00 ,,10,20,10,,20,10,,,,,,,,,,,Item,ministry/holidayraffle/Lists/HolidayBaskets
Glenn_Butterbrodt_1110,"Butterbrodt, Glenn",120,120,10,,10,,,,,,15,, $50.00 ,,20,5,,25,10,25,,,,,,13,,,,13,Item,ministry/holidayraffle/Lists/HolidayBaskets
Tiffany_Staat_1109,"Staat, Tiffany",120,120,20,,,,,,,,20,, $50.00 ,,,20,,40,,20,,,,,,,,,,,Item,ministry/holidayraffle/Lists/HolidayBaskets
Srikanth_Yathigiri_1108,"Yathigiri, Srikanth",35,35,5,,5,,,5,,,5,, $20.00 ,,,,,10,,5,,1,1,13,1,1,1,1,4,1,Item,ministry/holidayraffle/Lists/HolidayBaskets
Rachel_Hartzell_1107,"Hartzell, Rachel",14,14,,,,3,,4,,,,, $10.00 ,,,,,,7,,,,,,,,,,,,Item,ministry/holidayraffle/Lists/HolidayBaskets
Eric_Scheidhauer_1106,"Scheidhauer, Eric",14,14,,,,,,,,,,, $10.00 ,,,,,14,,,,,,1,,2,2,1,1,2,Item,ministry/holidayraffle/Lists/HolidayBaskets
Jason_Simpson_1105,"Simpson, Jason",49,49,1,,,,,,1,,5,, $30.00 ,,5,,,31,,5,1,5,1,1,,,2,,5,,Item,ministry/holidayraffle/Lists/HolidayBaskets
John_Martin_1104,"Martin, John",35,35,,,5,,,5,,,,5, $20.00 ,,,5,5,5,,5,,,,,5,,,,,,Item,ministry/holidayraffle/Lists/HolidayBaskets
Cynthia_Turner_1103,"Turner, Cynthia",35,35,3,,,,,10,,4,5,, $20.00 ,,,,,9,,4,,,3,5,,1,,,,,Item,ministry/holidayraffle/Lists/HolidayBaskets
Julie_Augustine_1102,"Augustine, Julie",35,35,10,,,,,,,5,10,, $20.00 ,,,,,,,10,,,,,,,,,,,Item,ministry/holidayraffle/Lists/HolidayBaskets
Shanon_Blevins_1101,"Blevins, Shanon",225,225,,,,,,,,,,, $100.00 ,,,,,112,,113,,,,,,,,,,,Item,ministry/holidayraffle/Lists/HolidayBaskets
Cindy_Burch_1100,"Burch, Cindy",120,120,10,,,,,,5,20,,, $50.00 ,,30,,,35,,20,,15,10,8,,,1,,1,,Item,ministry/holidayraffle/Lists/HolidayBaskets
Alex_Cooke_1099,"Cooke, Alex",120,120,15,,,,,,,,15,, $50.00 ,,,,,90,,,,,,,,,,,,,Item,ministry/holidayraffle/Lists/HolidayBaskets
Melissa_Miromonti_1098,"Miromonti, Melissa",225,225,30,30,,,15,30,,,30,, $100.00 ,,30,,,30,,30,,,3,2,2,,4,,,,Item,ministry/holidayraffle/Lists/HolidayBaskets
Gina_Esau_1097,"Esau, Gina",120,120,20,,,,,,,20,20,, $50.00 ,,,,,30,,30,,5,5,5,,2,5,2,4,4,Item,ministry/holidayraffle/Lists/HolidayBaskets
Suma_Narayan_1096,"Narayan, Suma",35,35,15,,,,,,,,20,, $20.00 ,,,,,,,,,,,,,,,,,,Item,ministry/holidayraffle/Lists/HolidayBaskets
Eric_Wenzelburger_1095,"Wenzelburger, Eric",120,120,10,,,,,,,,,, $50.00 ,,10,,,60,,40,,,,,,,,,,,Item,ministry/holidayraffle/Lists/HolidayBaskets
Bob_Heitzman_1094,"Heitzman, Bob",24,24,2,2,2,1,2,2,1,,2,2, $15.00 ,,,2,,2,,2,2,1,10,5,1,1,5,3,5,1,Item,ministry/holidayraffle/Lists/HolidayBaskets
Peter_Lemakis_1093,"Lemakis, Peter",35,35,10,,,,,,,,10,, $20.00 ,,,,,,,,15,,,2,,,,,,,Item,ministry/holidayraffle/Lists/HolidayBaskets
Candice_Hill_1092,"Hill, Candice",35,35,8,4,1,1,,1,2,1,5,1, $20.00 ,,,1,,6,,4,,,,,,,2,,4,,Item,ministry/holidayraffle/Lists/HolidayBaskets
Mary_DAmico_1091,"DAmico, Mary",35,35,10,,,,,,,,,, $20.00 ,,5,,,10,5,5,,35,,,,,,,,,Item,ministry/holidayraffle/Lists/HolidayBaskets
Shanon_Blevins_1090,"Blevins, Shanon",225,225,,,,,,,,,,, $100.00 ,,,,,113,,112,,,15,,,,,,,,Item,ministry/holidayraffle/Lists/HolidayBaskets
James_Grover_1089,"Grover, James",225,225,75,,,,25,,,,25,, $100.00 ,,70,,,20,10,,,,,15,,,,,,,Item,ministry/holidayraffle/Lists/HolidayBaskets
JoAnn_Zipfel_1088,"Zipfel, JoAnn",120,120,10,20,,,,,,,10,, $50.00 ,,10,,,50,,20,,,,,,,,,,,Item,ministry/holidayraffle/Lists/HolidayBaskets
Robert_Wehner_1087,"Wehner, Robert",120,120,,,,,18,,,,,, $50.00 ,,20,40,,2,,40,,,,,,,,,,,Item,ministry/holidayraffle/Lists/HolidayBaskets
Kelly_Prince_1086,"Prince, Kelly",225,225,,,,,,,,,,, $100.00 ,,,,,225,,,,,49,1,21,1,,,11,,Item,ministry/holidayraffle/Lists/HolidayBaskets
Sarah_Morgan_1085,"Morgan, Sarah",450,450,10,,100,5,,5,,,100,5, $200.00 ,,5,5,,115,,100,,,,,,,,,,,Item,ministry/holidayraffle/Lists/HolidayBaskets
Ryan_Mascare_1084,"Mascare, Ryan",35,35,,,,,,,,,,11, $20.00 ,,,,,12,12,,,8,,,15,,10,,11,,Item,ministry/holidayraffle/Lists/HolidayBaskets
Ann_Greenlee_1083,"Greenlee, Ann",120,120,20,,,,,20,,,20,, $50.00 ,,,,,10,25,25,,,,20,,,,,20,,Item,ministry/holidayraffle/Lists/HolidayBaskets
Colleen_Durawski_1082,"Durawski, Colleen",14,14,2,,,,,2,,,2,, $10.00 ,,2,,,2,,2,2,,,50,,,,,,,Item,ministry/holidayraffle/Lists/HolidayBaskets
Joseph_Hogan_1081,"Hogan, Joseph",14,14,2,,1,2,,,,,,8, $10.00 ,,,,,1,,,,3,3,6,3,2,5,2,2,2,Item,ministry/holidayraffle/Lists/HolidayBaskets
Maryann_Copenhaver_1079,"Copenhaver, Maryann",120,120,,,20,,,,,20,,, $50.00 ,,20,,,20,20,20,,4,4,,,,,,,,Item,ministry/holidayraffle/Lists/HolidayBaskets
Cindy_Burch_1078,"Burch, Cindy",120,120,,20,,,,,,30,,, $50.00 ,,30,,,40,,,,,,,,,,,,,Item,ministry/holidayraffle/Lists/HolidayBaskets
Kirsten_Baker_1077,"Baker, Kirsten",35,35,6,,4,,,4,,,6,, $20.00 ,,5,,,5,,5,,,,,,,,,,,Item,ministry/holidayraffle/Lists/HolidayBaskets
Bhanu Teja_Kurucheti_1076,"Kurucheti, Bhanu Teja",120,120,,,,,,,,,,, $50.00 ,,,,,120,,,,,,,,,,,,,Item,ministry/holidayraffle/Lists/HolidayBaskets
Greg_Sonnenberg_1075,"Sonnenberg, Greg",35,35,11,,,,,,5,,5,, $20.00 ,,,,,11,,,3,,,,,,,,,,Item,ministry/holidayraffle/Lists/HolidayBaskets
Vickie_Rogers_1074,"Rogers, Vickie",35,35,3,1,2,2,2,3,,2,3,2, $20.00 ,1,2,2,1,4,1,3,1,,,,,,3,,,,Item,ministry/holidayraffle/Lists/HolidayBaskets
Emily_Stone_1073,"Stone, Emily",120,120,10,,20,,,10,,,,20, $50.00 ,,10,,,50,,,,,,,,,,,,,Item,ministry/holidayraffle/Lists/HolidayBaskets
Jamie_Holland_1072,"Holland, Jamie",120,120,8,10,7,7,10,10,1,3,7,4, $50.00 ,2,12,7,,16,4,12,,,6,2,1,,,,,,Item,ministry/holidayraffle/Lists/HolidayBaskets
Jamie_D'Aquila_1071,"D'Aquila, Jamie",35,35,10,,,,,,,,5,, $20.00 ,,,,,15,,5,,,,,,,,,,,Item,ministry/holidayraffle/Lists/HolidayBaskets
Danielle_Canaday_1070,"Canaday, Danielle",35,35,7,,,,,,5,,,, $20.00 ,,6,,,10,,7,,4,,4,,,,,,,Item,ministry/holidayraffle/Lists/HolidayBaskets
Michelle_Hof_1069,"Hof, Michelle",35,35,,,,,,,,,35,, $20.00 ,,,,,,,,,,,,,,,,,,Item,ministry/holidayraffle/Lists/HolidayBaskets
Sha_Green_1068,"Green, Sha",35,35,5,5,,5,,5,,,5,, $20.00 ,,,,,5,,5,,14,14,14,14,2,14,13,13,2,Item,ministry/holidayraffle/Lists/HolidayBaskets
Sheila_Vlaich_1067,"Vlaich, Sheila",35,35,,,,,,,,33,,, $20.00 ,,,,,,,2,,,,,,,,,,,Item,ministry/holidayraffle/Lists/HolidayBaskets
Sravan_Pathi_1066,"Pathi, Sravan",35,35,5,5,10,,5,,,,,, $20.00 ,,,,,5,,5,,,,,,,,,,,Item,ministry/holidayraffle/Lists/HolidayBaskets
Stephanie_Behnken_1065,"Behnken, Stephanie",120,120,5,,,20,,,,5,15,, $50.00 ,,10,,,10,25,30,,,1,1,1,1,,,,,Item,ministry/holidayraffle/Lists/HolidayBaskets
Heather_Dalton_1064,"Dalton, Heather",35,35,5,,10,,,,,,10,, $20.00 ,,,,,10,,,,,,,,,,,,,Item,ministry/holidayraffle/Lists/HolidayBaskets
Lara_Dame_1063,"Dame, Lara",59,59,5,,,5,,5,,,7,5, $35.00 ,,7,,,15,,10,,,5,,,,,,,,Item,ministry/holidayraffle/Lists/HolidayBaskets
Lori_Sturgill_1062,"Sturgill, Lori",225,225,,,,,,,25,,,, $100.00 ,,,,,100,,100,,1,1,,1,,1,1,1,,Item,ministry/holidayraffle/Lists/HolidayBaskets
Savannah_Holland_1061,"Holland, Savannah",120,120,,10,,20,,20,,,,, $50.00 ,,,30,,30,,10,,,,2,,,2,,,,Item,ministry/holidayraffle/Lists/HolidayBaskets
Colleen_Vitale_1060,"Vitale, Colleen",14,14,2,,2,,,,,,2,, $10.00 ,,1,,,3,2,2,,,,,,,,,5,,Item,ministry/holidayraffle/Lists/HolidayBaskets
Dennis_Kleine_1059,"Kleine, Dennis",225,225,,,,,,,,,,, $100.00 ,,50,,,,150,,25,,1,2,,,,,,,Item,ministry/holidayraffle/Lists/HolidayBaskets
Elizabeth_Jones_1058,"Jones, Elizabeth",35,35,1,,,1,,2,1,2,2,14, $20.00 ,1,1,5,,2,,3,,,,3,,,,,,3,Item,ministry/holidayraffle/Lists/HolidayBaskets
Kirk_Pedersen_1057,"Pedersen, Kirk",35,35,,,,,,,,,,, $20.00 ,,,,,,,35,,1,1,1,1,2,1,2,2,1,Item,ministry/holidayraffle/Lists/HolidayBaskets
Chris_Barton_1056,"Barton, Chris",35,35,35,,,,,,,,,, $20.00 ,,,,,,,,,,,,,,3,,3,,Item,ministry/holidayraffle/Lists/HolidayBaskets
Connie_Hull_1055,"Hull, Connie",35,35,3,,,,,,,,10,, $20.00 ,,7,,,10,,5,,,3,5,,,,,,,Item,ministry/holidayraffle/Lists/HolidayBaskets
Allegra_Worsham_1054,"Worsham, Allegra",120,120,10,5,5,,5,5,5,5,10,5, $50.00 ,,5,5,,40,,15,,,,35,,,,,,,Item,ministry/holidayraffle/Lists/HolidayBaskets
Lisa_Ewing_1053,"Ewing, Lisa",35,35,,,,,,,,,10,, $20.00 ,,,,,15,,10,,,,,,,5,,,,Item,ministry/holidayraffle/Lists/HolidayBaskets
Rita_Humphreys_1052,"Humphreys, Rita",225,225,,,,,,,25,,,, $100.00 ,,100,,,,,100,,,,,,,,,,,Item,ministry/holidayraffle/Lists/HolidayBaskets
Joe_Bohnenkemper_1051,"Bohnenkemper, Joe",35,35,8,,,,,,2,,3,, $20.00 ,,10,,,5,,7,,,,,,,,,,,Item,ministry/holidayraffle/Lists/HolidayBaskets
Matthew_Baker_1050,"Baker, Matthew",120,120,,,,,,,,,10,, $50.00 ,,,,,10,,100,,,,1,,,1,,,,Item,ministry/holidayraffle/Lists/HolidayBaskets
Ron_Gathing_1049,"Gathing, Ron",35,35,5,,5,,,,,,5,, $20.00 ,,5,,,10,,5,,,,11,,,,,,,Item,ministry/holidayraffle/Lists/HolidayBaskets
Todd_Alexander_1048,"Alexander, Todd",35,35,5,,,,,,,,,, $20.00 ,,5,,,20,,5,,,,,,,,,,,Item,ministry/holidayraffle/Lists/HolidayBaskets
Jessica_Garner_1047,"Garner, Jessica",120,120,20,,,,,,,,,, $50.00 ,,,,,60,,40,,,,,,,,,,,Item,ministry/holidayraffle/Lists/HolidayBaskets
Jessica_Mills_1046,"Mills, Jessica",120,120,8,,8,19,,20,,8,10,8, $50.00 ,,,1,,25,,13,,,,,,,,,,,Item,ministry/holidayraffle/Lists/HolidayBaskets
Elizabeth_Becker_1045,"Becker, Elizabeth",24,24,,,,,,,,,8,, $15.00 ,,,,,8,,8,,,,,,,,,,,Item,ministry/holidayraffle/Lists/HolidayBaskets
Brian_Patrick_1044,"Patrick, Brian",12,12,,,,,,,,,,, $5.00 ,,,,,12,,,,,,,,,,,,,Item,ministry/holidayraffle/Lists/HolidayBaskets
Brett_Askinazi_1043,"Askinazi, Brett",18,18,18,,,,,,,,,, $7.50 ,,,,,,,,,,,,,,,,,,Item,ministry/holidayraffle/Lists/HolidayBaskets
Tim_Spitznagel_1042,"Spitznagel, Tim",12,12,,,,,,,,,,, $5.00 ,,,,,6,,6,,,,,,,,,,,Item,ministry/holidayraffle/Lists/HolidayBaskets
Chris_Bailey_1041,"Bailey, Chris",12,12,,,,,,,,,6,, $5.00 ,,,,,6,,,,,1,1,,,,,1,,Item,ministry/holidayraffle/Lists/HolidayBaskets
Ryan_Mascare_1040,"Mascare, Ryan",12,12,12,,,,,,,,,, $5.00 ,,,,,,,,,,,7,,,,,,,Item,ministry/holidayraffle/Lists/HolidayBaskets
Chandler_Hailstone_1039,"Hailstone, Chandler",18,18,18,,,,,,,,,, $7.50 ,,,,,,,,,10,5,10,5,,10,,10,,Item,ministry/holidayraffle/Lists/HolidayBaskets
Carolyn_King_1038,"King, Carolyn",12,12,5,,2,,,,,,1,, $5.00 ,,,,,4,,,,,,10,,,,,20,,Item,ministry/holidayraffle/Lists/HolidayBaskets
Sarah_Taylor_1037,"Taylor, Sarah",12,12,3,,,,,,,,,3, $5.00 ,,3,,,,,3,,,,,10,,5,,,,Item,ministry/holidayraffle/Lists/HolidayBaskets
Dana_Brellinger_1036,"Brellinger, Dana",12,12,,,,6,,,,,,, $5.00 ,,,,,6,,,,,,11,,,,,,,Item,ministry/holidayraffle/Lists/HolidayBaskets
Tameka_Woodson_1035,"Woodson, Tameka",35,35,7,,,,,,,,5,, $20.00 ,,4,,,15,,4,,,,,,,,,,25,Item,ministry/holidayraffle/Lists/HolidayBaskets
Andrew_McKinnon_1034,"McKinnon, Andrew",120,120,,,,,,,,,120,, $50.00 ,,,,,,,,,,,4,,,5,,,,Item,ministry/holidayraffle/Lists/HolidayBaskets
Sharon_Crabtree_1032,"Crabtree, Sharon",35,35,,,5,5,,,,,5,, $20.00 ,,,,,5,10,5,,,2,3,,3,3,,,3,Item,ministry/holidayraffle/Lists/HolidayBaskets
Grace_Koentz_1031,"Koentz, Grace",35,35,,5,,,5,20,,,,, $20.00 ,,,5,,,,,,,,,,,,,1,,Item,ministry/holidayraffle/Lists/HolidayBaskets
Lauren_Heiligenstein_1030,"Heiligenstein, Lauren",120,120,10,,5,10,5,10,5,10,10,10, $50.00 ,,10,,5,10,10,10,,1,4,2,,,1,1,1,,Item,ministry/holidayraffle/Lists/HolidayBaskets
Leah_Reid_1029,"Reid, Leah",24,24,3,,,,,,2,,3,, $15.00 ,,6,,,5,,5,,,150,,,,,,21,,Item,ministry/holidayraffle/Lists/HolidayBaskets
Jonathan_Pimentel_1028,"Pimentel, Jonathan",120,120,20,,,,,,,,,, $50.00 ,,20,,,50,,30,,,,5,,,,,,,Item,ministry/holidayraffle/Lists/HolidayBaskets
Douglass_Voshage_1027,"Voshage, Douglass",35,35,,,,,,,,,5,5, $20.00 ,,10,5,,5,,,5,1,1,1,1,1,1,1,1,1,Item,ministry/holidayraffle/Lists/HolidayBaskets
Doug_Graham_1026,"Graham, Doug",120,120,20,,20,20,,,10,,20,, $50.00 ,,,,,20,,10,,,15,10,,,,,,,Item,ministry/holidayraffle/Lists/HolidayBaskets
Laura_Schweiss_1025,"Schweiss, Laura",35,35,3,4,4,,,4,,,3,5, $20.00 ,,4,,,5,,3,,,,,,,,,,,Item,ministry/holidayraffle/Lists/HolidayBaskets
Tracy_Breece_1024,"Breece, Tracy",120,120,25,,25,,,10,,,,, $50.00 ,,10,,,20,,30,,,,20,,,,,,,Item,ministry/holidayraffle/Lists/HolidayBaskets
Nicole_Klein_1023,"Klein, Nicole",35,35,10,,,,,,,,10,, $20.00 ,,,,,15,,,,,3,4,,,,,,,Item,ministry/holidayraffle/Lists/HolidayBaskets
Dorothy_Alfon_1021,"Alfon, Dorothy",120,120,30,,,,,,,,,, $50.00 ,,30,,,30,,30,,1,1,1,1,1,1,1,1,1,Item,ministry/holidayraffle/Lists/HolidayBaskets
Rachel_Otten_1020,"Otten, Rachel",14,14,2,,,,,,,,3,, $10.00 ,,,,,6,,3,,12,19,15,12,,7,5,10,,Item,ministry/holidayraffle/Lists/HolidayBaskets
Stephanie_Behnken_1019,"Behnken, Stephanie",120,120,,,,,,,,,,9, $50.00 ,11,15,5,,14,44,20,2,,,,,,12,,,,Item,ministry/holidayraffle/Lists/HolidayBaskets
Lauren_Dierking_1018,"Dierking, Lauren",35,35,,,,,,10,,10,,, $20.00 ,5,,5,5,,,,,,,,,,,,,,Item,ministry/holidayraffle/Lists/HolidayBaskets
Samantha_Sills_1017,"Sills, Samantha",14,14,,,14,,,,,,,, $10.00 ,,,,,,,,,,,15,,,,,,,Item,ministry/holidayraffle/Lists/HolidayBaskets
Debbie_Heberlein_1016,"Heberlein, Debbie",35,35,,,,,,,,,,5, $20.00 ,10,,,,20,,,,4,33,2,5,1,55,2,2,1,Item,ministry/holidayraffle/Lists/HolidayBaskets
Sarah_Drake_1015,"Drake, Sarah",120,120,25,,50,,,,,,,, $50.00 ,,20,,,,,25,,,,5,,,,,,,Item,ministry/holidayraffle/Lists/HolidayBaskets
Mark_Bryzeal_1014,"Bryzeal, Mark",35,35,10,,,,,,,,,, $20.00 ,,10,,,15,,,,,,,,,,,,,Item,ministry/holidayraffle/Lists/HolidayBaskets
Jason_Hunziker_1013,"Hunziker, Jason",35,35,5,,,,,,,,,, $20.00 ,,5,,,15,,10,,,20,15,,,,,,,Item,ministry/holidayraffle/Lists/HolidayBaskets
Jeff_Lanoye_1012,"Lanoye, Jeff",120,120,20,,,,,,,,,, $50.00 ,10,15,,,30,,30,15,3,,3,1,1,,,2,,Item,ministry/holidayraffle/Lists/HolidayBaskets
Patti_Zdrodowski_1011,"Zdrodowski, Patti",35,35,2,0,1,,1,1,,,1,1, $20.00 ,,2,10,,8,7,1,,,,,,,,,,,Item,ministry/holidayraffle/Lists/HolidayBaskets
Ronald_Haymore_1010,"Haymore, Ronald",35,35,5,,,,,,,,6,, $20.00 ,,6,6,,6,,6,,10,,20,20,,35,,,,Item,ministry/holidayraffle/Lists/HolidayBaskets
Laura_Derrington_1009,"Derrington, Laura",35,35,,,5,,,,3,,5,, $20.00 ,,5,,,7,5,5,,,,10,,,,,14,,Item,ministry/holidayraffle/Lists/HolidayBaskets
Illa_Shah_1008,"Shah, Illa",120,120,30,,,,,,,,40,, $50.00 ,,,,,50,,,,10,,,,,,10,,,Item,ministry/holidayraffle/Lists/HolidayBaskets
Michelle_Heilich_1007,"Heilich, Michelle",24,24,5,,,,,,3,3,,, $15.00 ,3,3,,,3,,4,,,,,,,20,,20,,Item,ministry/holidayraffle/Lists/HolidayBaskets
Pamela_Kampeter_1006,"Kampeter, Pamela",35,35,5,,4,,,8,,,3,, $20.00 ,,,,,10,,5,,1,3,3,,,3,,3,,Item,ministry/holidayraffle/Lists/HolidayBaskets
Chelsea_West_1005,"West, Chelsea",450,450,,,,50,,100,,,,, $200.00 ,,,,,250,,50,,4,5,,,,5,,,,Item,ministry/holidayraffle/Lists/HolidayBaskets
Debbie_O'Neal_1004,"O'Neal, Debbie",35,35,4,,3,,4,,,,4,3, $20.00 ,,,2,,8,7,,,10,12,10,13,4,10,10,12,4,Item,ministry/holidayraffle/Lists/HolidayBaskets
Toni_Dudley_1003,"Dudley, Toni",120,120,,,,,,10,,,,, $50.00 ,5,30,15,,30,,30,,,10,10,,,,,,,Item,ministry/holidayraffle/Lists/HolidayBaskets
Vicky_Spies_1002,"Spies, Vicky",120,120,,20,,,,50,,,,50, $50.00 ,,,,,,,,,,,,,,,,,,Item,ministry/holidayraffle/Lists/HolidayBaskets
Vicky_Spies_1001,"Spies, Vicky",120,120,,,,,,,,,,, $50.00 ,,,20,,50,,50,,1,1,2,,,2,,1,,Item,ministry/holidayraffle/Lists/HolidayBaskets
Vijoy_Ummer_1000,"Ummer, Vijoy",35,35,35,,,,,,,,,, $20.00 ,,,,,,,,,,3,3,,,,,,,Item,ministry/holidayraffle/Lists/HolidayBaskets
Glenn_Butterbrodt_999,"Butterbrodt, Glenn",120,120,20,,15,,,,,,10,, $50.00 ,,15,,,40,,20,,,,10,,,,,,,Item,ministry/holidayraffle/Lists/HolidayBaskets
Ramagopala_Chaturvedula_998,"Chaturvedula, Ramagopala",225,225,10,10,10,25,10,10,10,10,10,50, $100.00 ,10,10,10,,10,10,10,10,5,10,,5,2,,,5,3,Item,ministry/holidayraffle/Lists/HolidayBaskets
Courtney_Hollenbach_997,"Hollenbach, Courtney",120,120,,,,,,50,,,30,, $50.00 ,,,,,20,,20,,,,,,,,,,,Item,ministry/holidayraffle/Lists/HolidayBaskets
Nick_Boyer_996,"Boyer, Nick",120,120,15,,5,,,,,,15,, $50.00 ,10,15,,,40,,20,,10,10,,,,,5,5,5,Item,ministry/holidayraffle/Lists/HolidayBaskets
Karrie_Ellis_995,"Ellis, Karrie",24,24,5,,,,,,,5,5,, $15.00 ,,5,,,,,4,,,,,,,,,20,,Item,ministry/holidayraffle/Lists/HolidayBaskets
Tammy_Mereness_994,"Mereness, Tammy",120,120,,,,60,,,,,,, $50.00 ,,,,,60,,,,,4,4,,,3,,,,Item,ministry/holidayraffle/Lists/HolidayBaskets
Stephanie_Behnken_993,"Behnken, Stephanie",120,120,5,15,15,40,5,10,7,7,10,6, $50.00 ,,,,,,,,,10,22,10,,,,,,,Item,ministry/holidayraffle/Lists/HolidayBaskets
Debbie_Murphy_992,"Murphy, Debbie",225,225,15,2,25,3,2,10,2,2,30,5, $100.00 ,3,25,3,,65,1,30,2,,,25,,,25,,,,Item,ministry/holidayraffle/Lists/HolidayBaskets
Lisa_Bequette_991,"Bequette, Lisa",120,120,1,2,2,,2,15,1,,15,20, $50.00 ,2,15,,,2,31,10,2,,,,,,,,,,Item,ministry/holidayraffle/Lists/HolidayBaskets
Sharon_Kozuszek_990,"Kozuszek, Sharon",35,35,,,,,,5,,,5,, $20.00 ,,5,,,10,5,5,,,3,5,,,,,,,Item,ministry/holidayraffle/Lists/HolidayBaskets
Tom_Forsyth_989,"Forsyth, Tom",35,35,5,,,,,,,,6,, $20.00 ,,,,,15,,6,3,,,5,,,3,,,,Item,ministry/holidayraffle/Lists/HolidayBaskets
John_Kremer_988,"Kremer, John",70,70,,,15,,,,,,,, $40.00 ,,15,,,25,,15,,10,15,8,1,1,8,1,5,1,Item,ministry/holidayraffle/Lists/HolidayBaskets
Alexa_Clark_987,"Clark, Alexa",35,35,5,,10,10,,,,,,, $20.00 ,,,,,10,,,,,,5,,,,,,,Item,ministry/holidayraffle/Lists/HolidayBaskets
Brittany_Masslon_986,"Masslon, Brittany",24,24,4,,,,,,1,1,5,, $15.00 ,,3,,,6,,4,,,,,,,,,,,Item,ministry/holidayraffle/Lists/HolidayBaskets
Karissa_Miller_985,"Miller, Karissa",120,120,,,,,,70,,,,, $50.00 ,,,,,,,50,,,,5,10,10,10,,10,,Item,ministry/holidayraffle/Lists/HolidayBaskets
Sherry_Hood_984,"Hood, Sherry",35,35,,,,,,,,,,5, $20.00 ,,15,,,,,15,,,10,5,5,,5,,5,,Item,ministry/holidayraffle/Lists/HolidayBaskets
Margie_Dyer_983,"Dyer, Margie",120,120,5,30,,,30,8,,,,8, $50.00 ,,,3,,30,,3,3,,6,5,,,,,,,Item,ministry/holidayraffle/Lists/HolidayBaskets
Ashley_Kidder_982,"Kidder, Ashley",35,35,2,,,,,,,,2,, $20.00 ,,2,,,12,12,5,,,5,5,,,,,,,Item,ministry/holidayraffle/Lists/HolidayBaskets
Beverly_White_981,"White, Beverly",120,120,20,,25,,,,,,25,, $50.00 ,,,,,30,,20,,,,,,,,,,,Item,ministry/holidayraffle/Lists/HolidayBaskets
Nancy_Krautmann_980,"Krautmann, Nancy",225,225,12,12,18,20,12,15,5,5,6,15, $100.00 ,10,20,12,1,20,20,20,2,,,,,,,,20,,Item,ministry/holidayraffle/Lists/HolidayBaskets
Michelle_Theerman_978,"Theerman, Michelle",35,35,5,,,,,,,,10,, $20.00 ,,,,,10,,10,,,,2,1,,1,,1,,Item,ministry/holidayraffle/Lists/HolidayBaskets
Ashley_Rosenfeld_977,"Rosenfeld, Ashley",14,14,1,1,1,1,1,1,1,,1,2, $10.00 ,1,,,,2,1,,,,,,,,,,,,Item,ministry/holidayraffle/Lists/HolidayBaskets
Tracey_Inman_976,"Inman, Tracey",225,225,,,,,,,,25,,, $100.00 ,,,75,,60,65,,,,,1,,,,,,,Item,ministry/holidayraffle/Lists/HolidayBaskets
Alda_Mizaku_975,"Mizaku, Alda",14,14,3,2,,2,1,,1,1,,, $10.00 ,,,,,3,,1,,,,50,,,,,,,Item,ministry/holidayraffle/Lists/HolidayBaskets
Brandi_Sopher_974,"Sopher, Brandi",120,120,20,,30,,,,,,20,, $50.00 ,,,,,40,,10,,,,,,5,,,,,Item,ministry/holidayraffle/Lists/HolidayBaskets
Diana_Rystrom_973,"Rystrom, Diana",120,120,12,,13,,5,5,,2,12,, $50.00 ,,5,,,30,15,21,,8,10,5,,,,,,,Item,ministry/holidayraffle/Lists/HolidayBaskets
Ivonne_Artica_972,"Artica, Ivonne",35,35,,,15,,,10,,5,,, $20.00 ,,,,,5,,,,,10,5,,,,,,5,Item,ministry/holidayraffle/Lists/HolidayBaskets
Nancy_Forsythe_971,"Forsythe, Nancy",24,24,4,,4,,,,,,4,, $15.00 ,,4,,,4,,4,,,,25,,,,,,,Item,ministry/holidayraffle/Lists/HolidayBaskets
Tom_Dalaviras_970,"Dalaviras, Tom",120,120,16,16,16,6,,,,,16,6, $50.00 ,,6,6,,16,,16,,,3,2,2,,4,,2,,Item,ministry/holidayraffle/Lists/HolidayBaskets
Elizabeth_Piechocinski_969,"Piechocinski, Elizabeth",120,120,,,,,,,,,,, $50.00 ,,,,,60,,60,,15,,,,20,,,,,Item,ministry/holidayraffle/Lists/HolidayBaskets
Scott_Filla_968,"Filla, Scott",35,35,10,,5,,,,,5,,, $20.00 ,,5,,,10,,,,,,,,,,,,,Item,ministry/holidayraffle/Lists/HolidayBaskets
Stephenie_Hargrove_967,"Hargrove, Stephenie",35,35,3,1,1,1,1,2,1,3,2,1, $20.00 ,2,2,2,,5,3,3,2,,,,,,,,,,Item,ministry/holidayraffle/Lists/HolidayBaskets
Tina_Thaler_966,"Thaler, Tina",120,120,15,,15,,,,,,15,15, $50.00 ,,15,15,,15,,15,,6,6,6,6,6,6,,6,,Item,ministry/holidayraffle/Lists/HolidayBaskets
Ashley_Rosenfeld_965,"Rosenfeld, Ashley",35,35,5,,,2,2,3,3,3,3,1, $20.00 ,1,5,1,,,,6,,,,4,,4,,,4,,Item,ministry/holidayraffle/Lists/HolidayBaskets
Janice_Maassen_964,"Maassen, Janice",120,120,15,,,10,5,10,5,,15,, $50.00 ,5,10,5,,,15,20,5,,,,,,,,,,Item,ministry/holidayraffle/Lists/HolidayBaskets
Savannah_Holland_963,"Holland, Savannah",120,120,10,4,,10,,2,,10,10,4, $50.00 ,,10,20,,20,,20,,,,,,,,,,,Item,ministry/holidayraffle/Lists/HolidayBaskets
Billie_Maletich_962,"Maletich, Billie",120,120,,,5,,,,,10,,, $50.00 ,,20,,,60,,20,5,,,35,,,,,,,Item,ministry/holidayraffle/Lists/HolidayBaskets
Kathy_Bishop_961,"Bishop, Kathy",35,35,,,,,,,,,,, $20.00 ,,,35,,,,,,,3,2,1,2,,,2,2,Item,ministry/holidayraffle/Lists/HolidayBaskets
Julie_Keller_960,"Keller, Julie",120,120,15,,,,,,,,,, $50.00 ,,,,,105,,,,,2,2,2,1,,,,,Item,ministry/holidayraffle/Lists/HolidayBaskets
Melissa_Kovacs_959,"Kovacs, Melissa",35,35,13,,5,,,,,5,,, $20.00 ,,,,,12,,,,15,,,,20,,,,5,Item,ministry/holidayraffle/Lists/HolidayBaskets
Gina_Dixon_958,"Dixon, Gina",225,225,15,20,10,10,20,25,,10,15,15, $100.00 ,5,15,10,,25,5,20,5,,,2,,,,,,,Item,ministry/holidayraffle/Lists/HolidayBaskets
Sue_Grover_957,"Grover, Sue",35,35,2,3,,,,4,,4,4,, $20.00 ,,5,,,1,,6,6,,,5,,,10,,,,Item,ministry/holidayraffle/Lists/HolidayBaskets
Jason_Daman_956,"Daman, Jason",120,120,20,,,10,,,,,10,, $50.00 ,,,,,40,,40,,3,,2,,4,2,,,,Item,ministry/holidayraffle/Lists/HolidayBaskets
Mike_Moore_955,"Moore, Mike",120,120,5,5,5,20,5,5,,,15,5, $50.00 ,,10,5,,15,5,15,5,,,,,,,,,,Item,ministry/holidayraffle/Lists/HolidayBaskets
Dale_Rapp_954,"Rapp, Dale",14,14,2,2,,,,2,,,2,2, $10.00 ,,2,,,2,,,,,,,,,,,10,,Item,ministry/holidayraffle/Lists/HolidayBaskets
Joseph_Alrutz_953,"Alrutz, Joseph",14,14,,,,,,,,,,, $10.00 ,,,,,,,14,,,,5,,50,10,,,50,Item,ministry/holidayraffle/Lists/HolidayBaskets
Jennifer_Benz_952,"Benz, Jennifer",120,120,20,,,,,,,25,20,, $50.00 ,,,,,20,25,10,,,3,2,1,,,1,,,Item,ministry/holidayraffle/Lists/HolidayBaskets
Stephanie_Linde_951,"Linde, Stephanie",120,120,10,,,10,,,,,20,20, $50.00 ,,20,,,20,,20,,,,,,2,3,,,,Item,ministry/holidayraffle/Lists/HolidayBaskets
Jeff_Del Vecchio_950,"Del Vecchio, Jeff",225,225,,,,,,,,,25,, $100.00 ,,25,,,100,,75,,,,,,,,,,,Item,ministry/holidayraffle/Lists/HolidayBaskets
Annie_Lane_949,"Lane, Annie",120,120,,,,,,,,,,, $50.00 ,,60,,,,,60,,,,,,,25,20,,,Item,ministry/holidayraffle/Lists/HolidayBaskets
Colleen_Beuttenmuller_948,"Beuttenmuller, Colleen",35,35,7,,,,,,,,7,, $20.00 ,,15,,,,,6,,,,,,,8,,,,Item,ministry/holidayraffle/Lists/HolidayBaskets
Sharon_Kness_947,"Kness, Sharon",35,35,5,5,,,,5,,,7,, $20.00 ,,5,,,,,8,,,,,,,,,,,Item,ministry/holidayraffle/Lists/HolidayBaskets
Katherine_Cline_946,"Cline, Katherine",120,120,15,,,,10,,,5,5,, $50.00 ,,20,,,20,15,25,5,,,,,,,,,,Item,ministry/holidayraffle/Lists/HolidayBaskets
Allegra_Worsham_945,"Worsham, Allegra",120,120,10,10,12,,,5,10,10,10,, $50.00 ,5,10,8,,15,,10,5,,,,,,,,,,Item,ministry/holidayraffle/Lists/HolidayBaskets
Chris_Berra_944,"Berra, Chris",120,120,40,,,,,,,,,, $50.00 ,,,,,80,,,,,,5,5,,5,,,,Item,ministry/holidayraffle/Lists/HolidayBaskets
Amy_Lynch_943,"Lynch, Amy",35,35,4,2,2,2,,,3,2,3,2, $20.00 ,,2,2,,7,,2,2,,,,,,,,,,Item,ministry/holidayraffle/Lists/HolidayBaskets
Niki_Burgdorf_942,"Burgdorf, Niki",14,14,5,,,,,,,,,, $10.00 ,,,,,7,,2,,,10,,,,,,,,Item,ministry/holidayraffle/Lists/HolidayBaskets
Karen_Taylor_941,"Taylor, Karen",35,35,,,,,,,,,,, $20.00 ,,,,,10,,25,,,,,,,,,,,Item,ministry/holidayraffle/Lists/HolidayBaskets
Sara_Yu_940,"Yu, Sara",120,120,15,,,15,,15,15,,,, $50.00 ,,15,15,,15,,15,,,,,,,,,,,Item,ministry/holidayraffle/Lists/HolidayBaskets
Missy_Seabaugh_939,"Seabaugh, Missy",14,14,,,,,,,,,,, $10.00 ,,,,,14,,,,5,5,5,,,,,,,Item,ministry/holidayraffle/Lists/HolidayBaskets
Ethan_Marose_938,"Marose, Ethan",120,120,15,,1,1,1,1,1,1,15,1, $50.00 ,1,30,1,1,30,10,10,,,,,,,,,,,Item,ministry/holidayraffle/Lists/HolidayBaskets
Corbett_Bloom_937,"Bloom, Corbett",120,120,,,50,30,,,20,,,, $50.00 ,,,,,,,20,,4,,4,,,,3,,,Item,ministry/holidayraffle/Lists/HolidayBaskets
Matt_Ference_936,"Ference, Matt",6,6,1,,1,,,1,,,,, $5.00 ,,,,,2,,1,,,,10,,,,,,,Item,ministry/holidayraffle/Lists/HolidayBaskets
Stacey_Wright_935,"Wright, Stacey",225,225,10,10,20,,10,10,,10,20,25, $100.00 ,10,25,,,10,20,25,20,,25,1,5,,1,1,1,,Item,ministry/holidayraffle/Lists/HolidayBaskets
Kristina_Dover_934,"Dover, Kristina",120,120,30,,,,,30,,30,,, $50.00 ,,,,,30,,,,,,10,27,,10,,,,Item,ministry/holidayraffle/Lists/HolidayBaskets
Nick_Ferder_933,"Ferder, Nick",35,35,,,,,,,,,,, $20.00 ,,,,,,35,,,,,,,,,,,,Item,ministry/holidayraffle/Lists/HolidayBaskets
Felix_Li_932,"Li, Felix",35,35,5,,,,,10,,,,, $20.00 ,,3,,,17,,,,,,,,,,,,,Item,ministry/holidayraffle/Lists/HolidayBaskets
Michelle_Hopper_931,"Hopper, Michelle",120,120,7,6,10,,6,10,8,,12,, $50.00 ,,12,7,,15,7,15,5,,,,,,,,,,Item,ministry/holidayraffle/Lists/HolidayBaskets
Ed_Williamson_930,"Williamson, Ed",35,35,,,,,,,,,,, $20.00 ,,,,,35,,,,8,,,2,,,,,1,Item,ministry/holidayraffle/Lists/HolidayBaskets
Dawn_Goodwin_929,"Goodwin, Dawn",225,225,0,,,100,,25,,,,, $100.00 ,,30,,,,25,30,15,,,2,,,,4,,,Item,ministry/holidayraffle/Lists/HolidayBaskets
Dolores_Ruess_928,"Ruess, Dolores",225,225,30,,20,,,,,,40,, $100.00 ,25,30,,,40,,40,,,,,,,,,,,Item,ministry/holidayraffle/Lists/HolidayBaskets
Carolyn_King_927,"King, Carolyn",35,35,5,,,5,,,,,10,, $20.00 ,,,,,15,,,,,,,,,,,,,Item,ministry/holidayraffle/Lists/HolidayBaskets
Traci_Boyd_926,"Boyd, Traci",24,24,1,2,2,1,1,2,1,2,1,1, $15.00 ,1,2,1,,2,1,2,1,5,5,2,,,1,,2,,Item,ministry/holidayraffle/Lists/HolidayBaskets
Kimberly_Henderson_925,"Henderson, Kimberly",35,35,6,1,,,,5,,,6,, $20.00 ,,2,,,10,,5,,,,,,,,,50,,Item,ministry/holidayraffle/Lists/HolidayBaskets
Stephenie_Hargrove_924,"Hargrove, Stephenie",35,35,3,1,1,1,1,1,1,2,3,1, $20.00 ,2,3,4,,5,1,2,3,,1,5,,,3,,3,,Item,ministry/holidayraffle/Lists/HolidayBaskets
Rina_Ridgway_923,"Ridgway, Rina",120,120,,,,,,120,,,,, $50.00 ,,,,,,,,,,,5,,,,,,,Item,ministry/holidayraffle/Lists/HolidayBaskets
Randal_Sorensen_922,"Sorensen, Randal",225,225,50,,,,,,,,,, $100.00 ,,25,,,125,,25,,,10,,,,,,,,Item,ministry/holidayraffle/Lists/HolidayBaskets
Lori_Prewitt_921,"Prewitt, Lori",120,120,,,,,,60,,,60,, $50.00 ,,,,,,,,,,,,,,,,5,,Item,ministry/holidayraffle/Lists/HolidayBaskets
Todd_Craig_920,"Craig, Todd",120,120,,,,,,10,,,,20, $50.00 ,,,,,,40,50,,10,20,5,35,,5,,,,Item,ministry/holidayraffle/Lists/HolidayBaskets
Joanna_Montgomery_919,"Montgomery, Joanna",120,120,10,,,,,,,,60,, $50.00 ,,30,,,20,,,,,,,,,,,,,Item,ministry/holidayraffle/Lists/HolidayBaskets
Jennelle_James_918,"James, Jennelle",35,35,10,,,10,,,,,5,, $20.00 ,,,,,10,,,,,,5,,,10,,,,Item,ministry/holidayraffle/Lists/HolidayBaskets
Jason_Brasher_916,"Brasher, Jason",35,35,,,,,,,,,,, $20.00 ,,5,,,20,,10,,,,10,,,20,,,,Item,ministry/holidayraffle/Lists/HolidayBaskets
Paul_Bukovic_915,"Bukovic, Paul",35,35,,,,,,,,,,, $20.00 ,,,,,35,,,,,,,,,,,,,Item,ministry/holidayraffle/Lists/HolidayBaskets
Andrew_McKinnon_914,"McKinnon, Andrew",120,120,,,,,,,,,80,, $50.00 ,,,,,,,40,,5,5,,,,,,,,Item,ministry/holidayraffle/Lists/HolidayBaskets
Stephanie_Murschel_913,"Murschel, Stephanie",60,60,3,1,1,,3,3,,,4,5, $36.00 ,,12,3,,12,1,12,,,,20,,,,,10,,Item,ministry/holidayraffle/Lists/HolidayBaskets
Carol_Howell_912,"Howell, Carol",120,120,10,10,,,10,10,5,,10,10, $50.00 ,,5,15,,5,5,15,10,,,50,,,,,,,Item,ministry/holidayraffle/Lists/HolidayBaskets
Ruth_Nadler_911,"Nadler, Ruth",35,35,3,2,2,2,2,2,2,2,2,2, $20.00 ,2,2,2,,2,2,2,2,,,,,,,,50,,Item,ministry/holidayraffle/Lists/HolidayBaskets
