﻿Title,CoWorkerName,TicketsAllocated,TicketsUsed,Basket1,Basket2,Basket3,Basket4,Basket5,Basket6,Basket7,Basket8,Basket9,Basket10,AmountDonated,Basket11,Basket12,Basket13,Basket14,Basket15,Basket16,Basket17,Basket18,Basket19,Basket20,Basket21,Basket22,Basket23,Basket24,Basket25,Basket26,Basket27,Item Type,Path
Douglas_Graham_588,"Graham, Douglas S",225,225,,,25,25,25,,25,,25,,$100.00 ,,25,25,,,,,,,,,,,,,25,25,Item,ministry/holidayraffle/Lists/HolidayBaskets
Aaron_Peterson_589,"Peterson, Aaron L",225,225,,,,,,,,,,,$100.00 ,,,,,,,,220,,,,,5,,,,,Item,ministry/holidayraffle/Lists/HolidayBaskets
Alex_Cooke_590,"Cooke, Alex",35,35,,,,10,,,,,15,,$20.00 ,,,,,,,,10,,,,,,,,,,Item,ministry/holidayraffle/Lists/HolidayBaskets
Dawn_Goodwin_591,"Goodwin, Dawn",225,225,25,,,50,,,,,,,$100.00 ,,,,,,,,,,,100,,50,,,,,Item,ministry/holidayraffle/Lists/HolidayBaskets
Sarah_Smith_592,"Smith, Sarah J",24,24,5,,,7,,,,,6,,$15.00 ,,6,,,,,,,,,,,,,,,,Item,ministry/holidayraffle/Lists/HolidayBaskets
Katherine_Cline_593,"Cline, Katherine L (MTS)",100,100,,,,25,,,,10,15,,$50.00 ,,,,,,,,15,,10,25,,,,,,,Item,ministry/holidayraffle/Lists/HolidayBaskets
Elizabeth_Jones_594,"Jones, Elizabeth H",35,35,2,,,2,,,,,2,,$20.00 ,2,,2,,,,,21,,1,2,,,1,,,,Item,ministry/holidayraffle/Lists/HolidayBaskets
Peter_Lemakis_595,"Lemakis, Peter",14,14,,,,,4,,,,2,,$10.00 ,,3,,2,,,,3,,,,,,,,,,Item,ministry/holidayraffle/Lists/HolidayBaskets
Sandra_Gouge_596,"Gouge, Sandra K",100,100,7,,,10,,5,,,15,,$50.00 ,,10,,,,,,25,,20,,,,,,8,,Item,ministry/holidayraffle/Lists/HolidayBaskets
Joanna_Montgomery_597,"Montgomery, Joanna",35,35,,,,25,,,,,,,$20.00 ,,,,,,,,,,,10,,,,,,,Item,ministry/holidayraffle/Lists/HolidayBaskets
Kimberly_Henderson_598,"Henderson, Kimberly",14,14,2,,1,2,,,,,3,,$10.00 ,,2,1,,,,,1,,,,1,,,,1,,Item,ministry/holidayraffle/Lists/HolidayBaskets
Angelia_Sucher_599,"Sucher, Angie",35,35,2,,,10,,6,,,5,,$20.00 ,,,,,,,,,,2,10,,,,,,,Item,ministry/holidayraffle/Lists/HolidayBaskets
Mark_Bryzeal_600,"Bryzeal, Mark",225,225,25,,,70,25,,30,,,,$100.00 ,,25,25,,,,,25,,,,,,,,,,Item,ministry/holidayraffle/Lists/HolidayBaskets
Carla_Johnson_601,"Johnson, Carla A",225,225,,,,75,50,100,,,,,$100.00 ,,,,,,,,,,,,,,,,,,Item,ministry/holidayraffle/Lists/HolidayBaskets
Todd_Craig_602,"Craig, Todd M.D.",100,100,5,,,25,,,,,,10,$50.00 ,10,,,,,,,10,25,,,,10,,5,,,Item,ministry/holidayraffle/Lists/HolidayBaskets
Toni_Dudley_603,"Dudley, Toni",35,35,,,,30,,,,,,,$20.00 ,,,,,,,,,,,5,,,,,,,Item,ministry/holidayraffle/Lists/HolidayBaskets
Ruth_Nadler_604,"Nadler, Ruth",100,100,8,1,8,8,1,1,1,1,8,1,$50.00 ,1,8,8,8,1,1,1,11,1,8,8,1,1,1,1,1,1,Item,ministry/holidayraffle/Lists/HolidayBaskets
Jason_Brasher_605,"Brasher, Jason",35,35,,,,10,,,10,10,,,$20.00 ,,,5,,,,,,,,,,,,,,,Item,ministry/holidayraffle/Lists/HolidayBaskets
Martin_Schwartz_606,"Schwartz, Marty",35,35,,,,6,,,,,6,,$20.00 ,,,,,,,,6,,,,,6,,,5,6,Item,ministry/holidayraffle/Lists/HolidayBaskets
John_Barnett_607,"Barnett, John B",100,100,,,,,,,,,,,$50.00 ,,,,,,,,100,,,,,,,,,,Item,ministry/holidayraffle/Lists/HolidayBaskets
Ethan_Marose_608,"Marose, Ethan J",100,100,2,2,2,5,5,5,,,5,2,$50.00 ,5,5,12,2,2,2,2,2,2,2,10,10,2,2,5,5,2,Item,ministry/holidayraffle/Lists/HolidayBaskets
Karen_Taylor_609,"Taylor, Karen",35,35,,,,,,,,,35,,$20.00 ,,,,,,,,,,,,,,,,,,Item,ministry/holidayraffle/Lists/HolidayBaskets
Kristina_Dover_610,"Dover, Kristina D",100,100,20,10,,20,10,,,,20,,$50.00 ,,,,,,,,,,20,,,,,,,,Item,ministry/holidayraffle/Lists/HolidayBaskets
Martin_Schwartz_611,"Schwartz, Marty",35,35,4,,,5,,5,,,,,$20.00 ,,5,6,,,,,,,4,6,,,,,,,Item,ministry/holidayraffle/Lists/HolidayBaskets
Debora_Heberlein_612,"Heberlein, Debora",35,35,,,10,10,,,,,6,,$20.00 ,,4,,,,,,5,,,,,,,,,,Item,ministry/holidayraffle/Lists/HolidayBaskets
Jennifer_Benz_613,"Benz, Jennifer L",35,35,5,,3,10,,,,,3,,$20.00 ,,5,2,,,,,,,5,2,,,,,,,Item,ministry/holidayraffle/Lists/HolidayBaskets
Benedikt_Graf_614,"Graf, Benedikt",100,100,5,5,,10,,,,,10,,$50.00 ,,10,10,,,,,10,10,,10,10,,,5,,5,Item,ministry/holidayraffle/Lists/HolidayBaskets
Arman_Smajic_615,"Smajic, Arman",100,100,25,,,50,,,,,,,$50.00 ,,,25,,,,,,,,,,,,,,,Item,ministry/holidayraffle/Lists/HolidayBaskets
Gina_Esau_616,"Esau, Gina",35,35,10,,,10,,,,,5,,$20.00 ,,,10,,,,,,,,,,,,,,,Item,ministry/holidayraffle/Lists/HolidayBaskets
Bethany_Pope_617,"Pope, Bethany",35,35,,,4,4,,,,,,,$20.00 ,,4,,,,,,19,,,4,,,,,,,Item,ministry/holidayraffle/Lists/HolidayBaskets
Colleen_Beuttenmuller_618,"Beuttenmuller, Colleen",35,,,,,,,,,,,,$20.00 ,,,,,,,,,,,,,,,,,,Item,ministry/holidayraffle/Lists/HolidayBaskets
Thomas_Dalaviras_619,"Dalaviras, Thomas W",100,100,5,1,5,6,1,3,3,3,7,3,$50.00 ,2,5,5,2,3,2,2,8,6,2,6,3,3,2,5,5,2,Item,ministry/holidayraffle/Lists/HolidayBaskets
Ashley_Kidder_620,"Kidder, Ashley B",41,41,5,,,10,,,,,10,,$25.00 ,1,5,3,,,,,,5,,2,,,,,,,Item,ministry/holidayraffle/Lists/HolidayBaskets
Lauren_Heiligenstein_621,"Heiligenstein, Lauren",100,100,5,,5,10,,,5,,10,,$50.00 ,5,10,10,,,,,10,5,5,10,5,,,,5,,Item,ministry/holidayraffle/Lists/HolidayBaskets
Tammy_Mereness_622,"Mereness, Tammy A",225,225,,,,45,,,,,35,,$100.00 ,,45,,,,,,55,,,45,,,,,,,Item,ministry/holidayraffle/Lists/HolidayBaskets
Christopher_Snow_623,"Snow, Chris",225,225,,,,50,,,,,85,,$100.00 ,,15,75,,,,,,,,,,,,,,,Item,ministry/holidayraffle/Lists/HolidayBaskets
Michelle_Hopper_624,"Hopper, Michelle M",70,70,7,,,10,,4,1,,11,,$40.00 ,,7,5,,,,,7,,11,7,,,,,,,Item,ministry/holidayraffle/Lists/HolidayBaskets
Nicholas_Ferder_625,"Ferder, Nick",35,35,,,,,,,,,,,$20.00 ,,,,,,,,,,,10,,15,10,,,,Item,ministry/holidayraffle/Lists/HolidayBaskets
Travis_Tallman_626,"Tallman, Travis",35,35,,,,5,,5,5,,5,,$20.00 ,,5,,,,,,5,,,5,,,,,,,Item,ministry/holidayraffle/Lists/HolidayBaskets
Dorothy_Alfon_627,"Alfon, Dorothy",100,100,,,,10,,,,,30,,$50.00 ,,,30,,,,,,,,30,,,,,,,Item,ministry/holidayraffle/Lists/HolidayBaskets
Robert_Denison_628,"Denison, Robert H",35,35,,,,5,5,,,,10,,$20.00 ,,,,,,,,,,,5,,5,5,,,,Item,ministry/holidayraffle/Lists/HolidayBaskets
Shanon_Blevins_629,"Blevins, Shanon A",100,100,,,,34,,,,,33,,$50.00 ,,,,,,,,,,33,,,,,,,,Item,ministry/holidayraffle/Lists/HolidayBaskets
Victoria_Spies_630,"Spies, Victoria J",100,100,15,,3,10,1,1,,,15,1,$50.00 ,,10,10,1,1,1,1,1,1,15,10,1,,1,,1,,Item,ministry/holidayraffle/Lists/HolidayBaskets
Donna_Watson_631,"Watson, Donna",225,225,,,,,,,125,,,,$100.00 ,,,,,,,,100,,,,,,,,,,Item,ministry/holidayraffle/Lists/HolidayBaskets
Rachel_Otten_632,"Otten, Rachel A",14,14,,,,4,2,,,,4,,$10.00 ,,,4,,,,,,,,,,,,,,,Item,ministry/holidayraffle/Lists/HolidayBaskets
Kerry_Bommarito_633,"Bommarito, Kerry M",225,225,,,,,,,,,,,$100.00 ,,,,,,,,225,,,,,,,,,,Item,ministry/holidayraffle/Lists/HolidayBaskets
Beverly_White_634,"White, Beverly",100,100,,,,20,,,20,,20,,$50.00 ,,10,,,,,,10,,20,,,,,,,,Item,ministry/holidayraffle/Lists/HolidayBaskets
Frank_Miele_635,"Miele, Frank",225,225,5,,,5,,,,,5,,$100.00 ,,,,,,,,200,,5,,,,,,5,,Item,ministry/holidayraffle/Lists/HolidayBaskets
Diana_Rystrom_636,"Rystrom, Diana",100,100,10,,5,10,,,10,,10,,$50.00 ,,10,5,,,,,10,,10,10,,,10,,,,Item,ministry/holidayraffle/Lists/HolidayBaskets
Maria_Ludwinski_637,"Ludwinski, Maria L",100,100,10,,,10,,,,,,5,$50.00 ,,,10,5,,,,55,,,5,,,,,,,Item,ministry/holidayraffle/Lists/HolidayBaskets
Dawn_Vienravee_638,"Vienravee, Dawn",35,35,,,2,7,,,,,7,,$20.00 ,,,7,,,,,,,7,5,,,,,,,Item,ministry/holidayraffle/Lists/HolidayBaskets
John_Martin_639,"Martin, John W",35,35,1,,3,3,,,8,4,,,$20.00 ,,3,3,,,,,4,,,3,,,,,3,,Item,ministry/holidayraffle/Lists/HolidayBaskets
Nichole_Burgdorf_640,"Burgdorf, Niki",35,35,7,,1,7,7,,,,6,1,$20.00 ,,1,1,,,1,1,,,,1,,,,,1,,Item,ministry/holidayraffle/Lists/HolidayBaskets
Janice_Maassen_641,"Maassen, Janice",35,35,1,,,3,,,2,2,2,,$20.00 ,,2,2,,,1,1,11,,1,3,1,1,,1,1,,Item,ministry/holidayraffle/Lists/HolidayBaskets
matt_ference_642,"ference, matt",14,14,,,,1,,,1,,2,,$10.00 ,,,1,,,,,6,,2,,,,1,,,,Item,ministry/holidayraffle/Lists/HolidayBaskets
Rina_Ridgway_643,"Ridgway, Rina R",35,35,30,,,,,,,,,,$20.00 ,,,,5,,,,,,,,,,,,,,Item,ministry/holidayraffle/Lists/HolidayBaskets
Vickie_Rogers_644,"Rogers, Vickie D",35,35,12,,,12,,,,,,,$20.00 ,,3,,,,,,,2,,4,,,2,,,,Item,ministry/holidayraffle/Lists/HolidayBaskets
Heather_Dalton_645,"Dalton, Heather",35,35,7,,,6,,,,,6,,$20.00 ,,6,6,,,,,,,1,1,,,,,2,,Item,ministry/holidayraffle/Lists/HolidayBaskets
George_Gutzler_646,"Gutzler, George",14,14,,,14,,,,,,,,$10.00 ,,,,,,,,,,,,,,,,,,Item,ministry/holidayraffle/Lists/HolidayBaskets
Michelle_Theerman_647,"Theerman, Michelle",35,35,5,,,10,,,,,5,,$20.00 ,,,,,,,5,,,10,,,,,,,,Item,ministry/holidayraffle/Lists/HolidayBaskets
Kelly_Prince_648,"Prince, Kelly A",225,225,,,225,,,,,,,,$100.00 ,,,,,,,,,,,,,,,,,,Item,ministry/holidayraffle/Lists/HolidayBaskets
Jason_Daman_649,"Daman, Jason",70,70,,,,18,,,,,13,,$40.00 ,,,,,,,,13,,,,,13,,,,13,Item,ministry/holidayraffle/Lists/HolidayBaskets
Terri_Bourisaw_650,"Bourisaw, Terri",220,220,,,,220,,,,,,,$98.00 ,,,,,,,,,,,,,,,,,,Item,ministry/holidayraffle/Lists/HolidayBaskets
Elizabeth_Tegart_651,"Tegart, Elizabeth L",100,100,1,1,30,1,1,1,1,1,10,1,$50.00 ,1,1,12,1,1,1,1,10,1,1,13,1,1,1,1,4,1,Item,ministry/holidayraffle/Lists/HolidayBaskets
Kevin_Johnson_652,"Johnson, Kevin D",100,100,,,,50,,,,,,,$50.00 ,,50,,,,,,,,,,,,,,,,Item,ministry/holidayraffle/Lists/HolidayBaskets
Stephenie_Hargrove_653,"Hargrove, Stephenie",35,35,2,2,2,3,1,1,1,1,2,1,$20.00 ,,1,2,1,1,,,5,,,1,,2,2,1,1,2,Item,ministry/holidayraffle/Lists/HolidayBaskets
Ann Marie_Bianchi_654,"Bianchi, Ann Marie",35,35,,,5,2,,,,,,,$20.00 ,,5,,5,2,2,,,5,1,1,,,2,,5,,Item,ministry/holidayraffle/Lists/HolidayBaskets
Carolyn_King_655,"King, Carolyn D",35,35,5,,,10,,,,,8,2,$20.00 ,,5,,,,,,,,,,5,,,,,,Item,ministry/holidayraffle/Lists/HolidayBaskets
Nancy_Klapp_656,"Klapp, Nancy",35,35,,,6,,,1,,,6,,$20.00 ,,6,5,,2,,,,,3,5,,1,,,,,Item,ministry/holidayraffle/Lists/HolidayBaskets
JoAnn_Zipfel_657,"Zipfel, JoAnn",225,225,10,,,10,,,,,20,,$100.00 ,,10,5,,,,,170,,,,,,,,,,Item,ministry/holidayraffle/Lists/HolidayBaskets
Sara_Yu_658,"Yu, Sara",225,225,,,,225,,,,,,,$100.00 ,,,,,,,,,,,,,,,,,,Item,ministry/holidayraffle/Lists/HolidayBaskets
Allegra_Worsham_659,"Worsham, Allegra",225,225,15,5,,15,10,10,15,5,25,5,$100.00 ,5,25,20,,,10,15,10,15,10,8,,,1,,1,,Item,ministry/holidayraffle/Lists/HolidayBaskets
Autumn_Green_660,"Green, Sha",35,35,5,,,5,,10,,,10,,$20.00 ,,5,,,,,,,,,,,,,,,,Item,ministry/holidayraffle/Lists/HolidayBaskets
Margie_Dyer_661,"Dyer, Margie L",35,35,3,,,5,,,3,1,3,,$20.00 ,,2,2,,,,,5,,3,2,2,,4,,,,Item,ministry/holidayraffle/Lists/HolidayBaskets
Lisa_Bequette_662,"Bequette, Lisa K",100,100,5,5,2,2,2,,5,2,5,2,$50.00 ,5,5,5,2,2,2,2,15,5,5,5,,2,5,2,4,4,Item,ministry/holidayraffle/Lists/HolidayBaskets
Leah_Reid_663,"Reid, Leah B",14,14,2,,,5,,,,,,,$10.00 ,,3,4,,,,,,,,,,,,,,,Item,ministry/holidayraffle/Lists/HolidayBaskets
Edward_Williamson_664,"Williamson, Ed",35,35,,,,,,,30,,5,,$20.00 ,,,,,,,,,,,,,,,,,,Item,ministry/holidayraffle/Lists/HolidayBaskets
Michael_Moore_665,"Moore, Mike",100,100,11,,,12,,10,5,5,10,,$50.00 ,,,5,,,,,10,1,10,5,1,1,5,3,5,1,Item,ministry/holidayraffle/Lists/HolidayBaskets
Beverly_Larsen_666,"Larsen, Beverly",24,24,2,,,2,,,,,3,,$15.00 ,,2,2,,,,,11,,,2,,,,,,,Item,ministry/holidayraffle/Lists/HolidayBaskets
Antoinette_Smith_667,"Smith, Antoinette M",35,35,2,,,5,,4,5,2,5,,$20.00 ,,,6,,,,,,,,,,,2,,4,,Item,ministry/holidayraffle/Lists/HolidayBaskets
Lindsay_Biedenstein_668,"Biedenstein, Lindsay A",35,35,,,,,,,,,,,$20.00 ,,,,,,,,,35,,,,,,,,,Item,ministry/holidayraffle/Lists/HolidayBaskets
Marie_Shultz_669,"Shultz, Marie K",100,100,10,,,25,,,,,,,$50.00 ,,40,,,,,,10,,15,,,,,,,,Item,ministry/holidayraffle/Lists/HolidayBaskets
Eric_Wenzelburger_670,"Wenzelburger, Eric C",100,100,10,,,25,,,,,5,5,$50.00 ,,,15,,,,,25,,,15,,,,,,,Item,ministry/holidayraffle/Lists/HolidayBaskets
Christopher_Barton_671,"Barton, Christopher",14,14,4,,,0,,,,,10,,$10.00 ,,,,,,,,,,,,,,,,,,Item,ministry/holidayraffle/Lists/HolidayBaskets
Sarah_Drake_672,"Drake, Sarah M",100,100,,,,,,,,,,,$50.00 ,,25,50,,,,,25,,,,,,,,,,Item,ministry/holidayraffle/Lists/HolidayBaskets
Christina_Font_673,"Font, Christina M",225,225,7,,34,45,,2,,,21,,$100.00 ,,21,5,,,,,7,,49,1,21,1,,,11,,Item,ministry/holidayraffle/Lists/HolidayBaskets
Cecelia_Collins_674,"Collins, Cecelia W",35,,,,,,,,,,,,$20.00 ,,,,,,,,,,,,,,,,,,Item,ministry/holidayraffle/Lists/HolidayBaskets
Emily_Stone_675,"Stone, Emily C",100,100,8,,,10,,,,,10,,$50.00 ,,,10,,,,8,10,8,,,15,,10,,11,,Item,ministry/holidayraffle/Lists/HolidayBaskets
Michael_Kenefick_676,"Kenefick, Mike",100,100,,,,20,,,,,,,$50.00 ,,20,20,,,,,,,,20,,,,,20,,Item,ministry/holidayraffle/Lists/HolidayBaskets
Teresa_Lane_677,"Lane, Annie",100,100,,,,,,,,,,,$50.00 ,,50,,,,,,,,,50,,,,,,,Item,ministry/holidayraffle/Lists/HolidayBaskets
Stacey_Wright_678,"Wright, Stacey L",100,100,5,4,4,5,5,4,2,2,6,2,$50.00 ,4,5,5,4,2,3,3,7,3,3,6,3,2,5,2,2,2,Item,ministry/holidayraffle/Lists/HolidayBaskets
Andrea_Wilson_679,"Wilson, Andrea J",35,35,,,,5,,,5,,,,$20.00 ,,,5,,,,,20,,,,,,,,,,Item,ministry/holidayraffle/Lists/HolidayBaskets
Sharon_Kozuszek_680,"Kozuszek, Sharon R",35,35,5,,,5,10,,,,,,$20.00 ,,4,,,3,,,,4,4,,,,,,,,Item,ministry/holidayraffle/Lists/HolidayBaskets
Melissa_Seabaugh_681,"Seabaugh, Melissa",6,6,,,,6,,,,,,,$5.00 ,,,,,,,,,,,,,,,,,,Item,ministry/holidayraffle/Lists/HolidayBaskets
Dennis_Tice_682,"Tice, Dennis A",100,100,25,,,50,,,,,25,,$50.00 ,,,,,,,,,,,,,,,,,,Item,ministry/holidayraffle/Lists/HolidayBaskets
Julie_Keller_683,"Keller, Julie M",35,35,10,,,11,,7,7,,,,$20.00 ,,,,,,,,,,,,,,,,,,Item,ministry/holidayraffle/Lists/HolidayBaskets
Billie_Maletich_684,"Maletich, Billie A",35,35,,,,4,,,,,5,,$20.00 ,,,5,,,,,21,,,,,,,,,,Item,ministry/holidayraffle/Lists/HolidayBaskets
Leroy_McElroy_685,"McElroy, Terry",24,24,2,,,3,,,4,,,,$15.00 ,,5,,,,,,7,,,,,,3,,,,Item,ministry/holidayraffle/Lists/HolidayBaskets
Jessica_Mills_686,"Mills, Jessica (STLO)",100,100,,,,10,,,,,,,$50.00 ,,,,,,,,90,,,,,,,,,,Item,ministry/holidayraffle/Lists/HolidayBaskets
Brittany_Masslon_687,"Masslon, Brittany A",35,35,6,,1,6,,,,,5,,$20.00 ,,5,3,,,,,,,6,2,1,,,,,,Item,ministry/holidayraffle/Lists/HolidayBaskets
Antoinette_Smith_688,"Smith, Antoinette M",100,100,,,,,,,,,,,$50.00 ,,,,,,,,100,,,,,,,,,,Item,ministry/holidayraffle/Lists/HolidayBaskets
Carol_Johnson_689,"Johnson, Carol",24,24,,,4,4,,,,,4,,$15.00 ,,4,,,,,,,4,,4,,,,,,,Item,ministry/holidayraffle/Lists/HolidayBaskets
Michael_Hubert_690,"Hubert, Michael J",450,450,100,,,,,,,,,,$200.00 ,,,100,,,,,250,,,,,,,,,,Item,ministry/holidayraffle/Lists/HolidayBaskets
Gina_Dixon_691,"Dixon, Gina",225,225,11,11,11,14,2,14,2,2,14,,$100.00 ,,14,14,2,8,,,6,14,14,14,14,2,14,13,13,2,Item,ministry/holidayraffle/Lists/HolidayBaskets
Payton_Lanzafame_692,"Lanzafame, Payton",35,35,,,,,,,,,,,$20.00 ,,,35,,,,,,,,,,,,,,,Item,ministry/holidayraffle/Lists/HolidayBaskets
Jeffrey_Jacobsmeyer_693,"Jacobsmeyer, Jeffrey R",225,225,,,,,,,,,,,$100.00 ,,,,,,,,225,,,,,,,,,,Item,ministry/holidayraffle/Lists/HolidayBaskets
Srikanth_Yathigiri_694,"Yathigiri, Srikanth",14,14,2,,,3,,,,,,,$10.00 ,,2,1,,,,,2,,1,1,1,1,,,,,Item,ministry/holidayraffle/Lists/HolidayBaskets
Kelly_Peach_695,"Peach, Kelly",100,100,15,25,15,15,,,,,15,,$50.00 ,,15,,,,,,,,,,,,,,,,Item,ministry/holidayraffle/Lists/HolidayBaskets
Sherry_Hood_696,"Hood, Sherry M",35,35,,,,15,,,,,,,$20.00 ,,,15,,,,,,,5,,,,,,,,Item,ministry/holidayraffle/Lists/HolidayBaskets
Aisha_Abram_697,"Abram, Aisha S",35,35,5,2,1,5,2,1,,,4,1,$20.00 ,1,1,1,1,1,1,1,1,1,1,,1,,1,1,1,,Item,ministry/holidayraffle/Lists/HolidayBaskets
Sue_Grover_698,"Grover, Sue M",35,35,2,,2,2,2,2,2,2,2,,$20.00 ,,2,2,2,,2,2,5,,,2,,,2,,,,Item,ministry/holidayraffle/Lists/HolidayBaskets
Sharon_Crabtree_699,"Crabtree, Sharon L",35,35,5,,,10,,,,,5,,$20.00 ,,5,,,,,,5,,,,,,,,5,,Item,ministry/holidayraffle/Lists/HolidayBaskets
Linda_Chavez_700,"Chavez, Linda",6,6,,,,1,,,,,1,,$5.00 ,,,,,,,,1,,1,2,,,,,,,Item,ministry/holidayraffle/Lists/HolidayBaskets
Thomas_Morgan_701,"Morgan, Tom",24,24,3,,,7,,2,,,6,,$15.00 ,,,,,,,,,,,3,,,,,,3,Item,ministry/holidayraffle/Lists/HolidayBaskets
Ashley_Rosenfeld_702,"Rosenfeld, Ashley A",35,35,3,,1,3,,2,2,1,2,,$20.00 ,1,3,3,,,,,2,1,1,1,1,2,1,2,2,1,Item,ministry/holidayraffle/Lists/HolidayBaskets
Alexa_Sizemore_703,"Sizemore, Lexi R",18,18,3,3,,3,,,,,3,,$14.00 ,,,,,,,,,,,,,,3,,3,,Item,ministry/holidayraffle/Lists/HolidayBaskets
Elizabeth_Becker_704,"Becker, Elizabeth M",35,35,,,,10,,,,,,,$20.00 ,,17,,,,,,,,3,5,,,,,,,Item,ministry/holidayraffle/Lists/HolidayBaskets
Sarah_Taylor_705,"Taylor, Sarah A",35,35,,,,,,,,,,,$20.00 ,,,,,,,,,,,35,,,,,,,Item,ministry/holidayraffle/Lists/HolidayBaskets
Tracy_Breece_706,"Breece, Tracy",100,100,25,,10,10,,,,,10,5,$50.00 ,,,20,,,5,,10,,,,,,5,,,,Item,ministry/holidayraffle/Lists/HolidayBaskets
Adale_Hayter-Metscher_707,"Metscher, Adale",35,35,10,,,10,,,,,15,,$20.00 ,,,,,,,,,,,,,,,,,,Item,ministry/holidayraffle/Lists/HolidayBaskets
Timothy_Spitznagel_708,"Spitznagel, Timothy",11,11,,,,,,,,,,,$5.00 ,,,6,,,,,5,,,,,,,,,,Item,ministry/holidayraffle/Lists/HolidayBaskets
Dana_Brellinger_709,"Brellinger, Dana",11,11,5,,,2,,2,,,,,$5.00 ,,,,,,,,,,,1,,,1,,,,Item,ministry/holidayraffle/Lists/HolidayBaskets
Sarah_Taylor_710,"Taylor, Sarah A",11,11,,,,,,,,,,,$5.00 ,,,,,,,,,,,11,,,,,,,Item,ministry/holidayraffle/Lists/HolidayBaskets
Carolyn_King_711,"King, Carolyn D",11,11,,,,3,,,,,4,,$5.00 ,,4,,,,,,,,,,,,,,,,Item,ministry/holidayraffle/Lists/HolidayBaskets
Chandler_Hailstone_712,"Hailstone, Chandler W",11,,,,,,,,,,,,$5.00 ,,,,,,,,,,,,,,,,,,Item,ministry/holidayraffle/Lists/HolidayBaskets
Ryan_Mascare_713,"Mascare, Ryan A",11,11,1,,,,,,10,,,,$5.00 ,,,,,,,,,,,,,,,,,,Item,ministry/holidayraffle/Lists/HolidayBaskets
Christopher_Bailey_714,"Bailey, Chris J",11,11,5,,,6,,,,,,,$5.00 ,,,,,,,,,,,,,,,,,,Item,ministry/holidayraffle/Lists/HolidayBaskets
Brett_Askinazi_715,"Askinazi, Brett",11,,,,,,,,,,,,$5.00 ,,,,,,,,,,,,,,,,,,Item,ministry/holidayraffle/Lists/HolidayBaskets
Brian_Patrick_716,"Patrick, Brian C",11,11,,,,,,,,,,,$5.00 ,,,,,,,,11,,,,,,,,,,Item,ministry/holidayraffle/Lists/HolidayBaskets
Mark_Augustine_717,"Augustine, Mark R",1,1,,,,,,,,,,,$5.00 ,,,,,,,,1,,,,,,,,,,Item,ministry/holidayraffle/Lists/HolidayBaskets
Nancy_Forsythe_718,"Forsythe, Nancy",14,14,,,,3,,3,1,,1,,$10.00 ,,,,1,,,,2,,1,1,,,,,1,,Item,ministry/holidayraffle/Lists/HolidayBaskets
Jeanne_Licari_719,"Licari, Jeanne",32,32,,,,,,,,,,,$19.52 ,,,,,,,,25,,,7,,,,,,,Item,ministry/holidayraffle/Lists/HolidayBaskets
Dolores_Ruess_720,"Ruess, Dolores P",100,100,10,,,10,,5,5,5,10,,$50.00 ,,5,,,,,,,10,5,10,5,,10,,10,,Item,ministry/holidayraffle/Lists/HolidayBaskets
Tracey_Inman_721,"Inman, Tracey C",225,225,,,,20,,65,,,50,,$100.00 ,,10,50,,,,,,,,10,,,,,20,,Item,ministry/holidayraffle/Lists/HolidayBaskets
Syeda_Akhtar_722,"Akhtar, Syeda",24,24,5,,,,,,,,,,$15.00 ,,,,,,,4,,,,,10,,5,,,,Item,ministry/holidayraffle/Lists/HolidayBaskets
Melissa_Kovacs_723,"Kovacs, Melissa A",35,35,,,,,,,,,12,,$20.00 ,,,12,,,,,,,,11,,,,,,,Item,ministry/holidayraffle/Lists/HolidayBaskets
Adam_Stark_724,"Stark, Adam",225,225,,,,,,,,,,,$100.00 ,,,,,,,,200,,,,,,,,,25,Item,ministry/holidayraffle/Lists/HolidayBaskets
Angelia_Sucher_725,"Sucher, Angie",24,24,2,,,5,,5,,,3,,$15.00 ,,,,,,,,,,,4,,,5,,,,Item,ministry/holidayraffle/Lists/HolidayBaskets
Traci_Boyd_726,"Boyd, Traci R",35,35,3,,,3,,,3,,3,,$20.00 ,,3,3,,,,,3,,2,3,,3,3,,,3,Item,ministry/holidayraffle/Lists/HolidayBaskets
Katie_Kennett_727,"Kennett, Katie M",35,35,5,,,10,,,,,3,,$20.00 ,,,1,,,,,15,,,,,,,,1,,Item,ministry/holidayraffle/Lists/HolidayBaskets
Kim_Martin_728,"Martin, Kim R",35,35,4,1,1,4,,,1,,4,1,$20.00 ,1,4,3,,,,,1,1,4,2,,,1,1,1,,Item,ministry/holidayraffle/Lists/HolidayBaskets
Mitchell_Long_729,"Long, Mitchell",225,225,,,18,,,,,,18,,$100.00 ,,18,,,,,,,,150,,,,,,21,,Item,ministry/holidayraffle/Lists/HolidayBaskets
Scarlet_VanCleave_730,"VanCleave, Scarlet",24,24,6,,,,,,,,6,,$15.00 ,,2,5,,,,,,,,5,,,,,,,Item,ministry/holidayraffle/Lists/HolidayBaskets
Stephenie_Hargrove_731,"Hargrove, Stephenie",35,35,2,1,1,3,1,1,1,1,2,1,$20.00 ,1,1,2,1,1,1,1,4,1,1,1,1,1,1,1,1,1,Item,ministry/holidayraffle/Lists/HolidayBaskets
Danielle_Canaday_732,"Canaday, Danielle",100,100,15,,,15,,5,,,20,,$50.00 ,,5,10,5,,,,,,15,10,,,,,,,Item,ministry/holidayraffle/Lists/HolidayBaskets
Brian_Finley_733,"Finley, Brian",225,225,45,,,45,,,,,45,,$100.00 ,,45,45,,,,,,,,,,,,,,,Item,ministry/holidayraffle/Lists/HolidayBaskets
Robert_Wehner_734,"Wehner, Robert C",100,100,,,20,20,,,,,,,$50.00 ,,20,,,,,,20,,,20,,,,,,,Item,ministry/holidayraffle/Lists/HolidayBaskets
Ana_Lightle_735,"Lightle, Ana D",35,35,4,,3,4,,,,,4,3,$20.00 ,,4,3,,,,,3,,3,4,,,,,,,Item,ministry/holidayraffle/Lists/HolidayBaskets
Julie_Augustine_736,"Augustine, Julie A",35,35,3,1,1,3,1,1,1,1,3,1,$20.00 ,1,1,3,1,1,1,1,1,1,1,1,1,1,1,1,1,1,Item,ministry/holidayraffle/Lists/HolidayBaskets
Nancy_Krautmann_737,"Krautmann, Nancy L",225,225,12,10,10,15,,2,,,20,10,$100.00 ,5,12,17,,12,5,5,10,12,19,15,12,,7,5,10,,Item,ministry/holidayraffle/Lists/HolidayBaskets
Debra_Nani_738,"Nani, Deb",35,35,,,,,,,,,,,$20.00 ,,,,,,,,23,,,,,,12,,,,Item,ministry/holidayraffle/Lists/HolidayBaskets
Illa_Shah_739,"Shah, Illa",100,100,25,,,25,,,,,25,,$50.00 ,,25,,,,,,,,,,,,,,,,Item,ministry/holidayraffle/Lists/HolidayBaskets
Jeffrey_Del Vecchio_740,"Del Vecchio, Jeff",100,100,10,,,30,,,,,25,,$50.00 ,,,15,,,,,5,,,15,,,,,,,Item,ministry/holidayraffle/Lists/HolidayBaskets
Karen_Milburn_741,"Milburn, Karen A",225,225,28,,4,45,,,4,2,15,2,$100.00 ,3,6,3,,,2,2,4,4,33,2,5,1,55,2,2,1,Item,ministry/holidayraffle/Lists/HolidayBaskets
Betty_Gavin_742,"Gavin, Betty",35,35,,,,5,,10,,,5,,$20.00 ,,,5,,,,,5,,,5,,,,,,,Item,ministry/holidayraffle/Lists/HolidayBaskets
Ryan_Mascare_743,"Mascare, Ryan A",35,35,,,,15,,,,,,,$20.00 ,,,,,,,,20,,,,,,,,,,Item,ministry/holidayraffle/Lists/HolidayBaskets
Jonathan_Pimentel_744,"Pimentel, Jonathan P",95,95,,,,20,,,,,20,,$48.50 ,,20,,,,,,,,20,15,,,,,,,Item,ministry/holidayraffle/Lists/HolidayBaskets
Susan_Cross_745,"Cross, Susan R",35,35,4,,1,2,,3,,,4,,$20.00 ,,3,3,2,,,,3,3,,3,1,1,,,2,,Item,ministry/holidayraffle/Lists/HolidayBaskets
Catherine_Ley_746,"Ley, Cathy",14,14,,,,,,,,,,,$10.00 ,,14,,,,,,,,,,,,,,,,Item,ministry/holidayraffle/Lists/HolidayBaskets
Jeffery_Lanoye_747,"Lanoye, Jeffery W",225,225,,,,20,30,,,,,,$100.00 ,,,25,15,,,,50,10,,20,20,,35,,,,Item,ministry/holidayraffle/Lists/HolidayBaskets
Leisa_Hamlin_748,"Hamlin, Leisa A",104,104,10,,,10,,,,,10,,$53.86 ,,10,,40,,,,,,,10,,,,,14,,Item,ministry/holidayraffle/Lists/HolidayBaskets
Nicolas_Pagano_749,"Pagano, Nicolas L",100,100,,,,,,,50,,,,$50.00 ,,,,,,,,30,10,,,,,,10,,,Item,ministry/holidayraffle/Lists/HolidayBaskets
Emily_Stone_750,"Stone, Emily C",100,100,,,15,,,,5,,20,,$50.00 ,,,20,,,,,,,,,,,20,,20,,Item,ministry/holidayraffle/Lists/HolidayBaskets
Patricia_Zdrodowski_751,"Zdrodowski, Patricia",35,35,3,1,1,3,,3,,,3,,$20.00 ,,2,3,,3,,,,1,3,3,,,3,,3,,Item,ministry/holidayraffle/Lists/HolidayBaskets
Debra_O'Neal_752,"ONeal, Debra A",35,35,4,,4,,,2,,,5,,$20.00 ,,5,,,,,,1,4,5,,,,5,,,,Item,ministry/holidayraffle/Lists/HolidayBaskets
Tina_Thaler_753,"Thaler, Tina",225,225,10,10,10,12,2,8,4,4,14,10,$100.00 ,4,12,10,4,4,4,4,14,10,12,10,13,4,10,10,12,4,Item,ministry/holidayraffle/Lists/HolidayBaskets
Linda_Perrigue-Branson_754,"Branson, Linda",100,100,10,,10,10,,,10,,10,,$50.00 ,,10,10,,,,,10,,10,10,,,,,,,Item,ministry/holidayraffle/Lists/HolidayBaskets
Emily_Bruening_755,"Bruening, Emily K (Ogier)",35,35,,,,10,,,7,,10,,$20.00 ,,,,,,,,8,,,,,,,,,,Item,ministry/holidayraffle/Lists/HolidayBaskets
Stephanie_Murschel_756,"Murschel, Stephanie",24,24,2,1,1,2,,2,1,,2,,$15.00 ,,3,3,,,,,,1,1,2,,,2,,1,,Item,ministry/holidayraffle/Lists/HolidayBaskets
Kirsten_Baker_757,"Baker, Kirsten M",35,35,3,,3,5,,,4,,3,,$20.00 ,,3,3,,,,,5,,3,3,,,,,,,Item,ministry/holidayraffle/Lists/HolidayBaskets
Denise_Cattoor_758,"Cattoor, Denise",35,35,,,,,,,,10,,,$20.00 ,,,15,,,,,,,,10,,,,,,,Item,ministry/holidayraffle/Lists/HolidayBaskets
Stephanie_Behnken_759,"Behnken, Stephanie",100,100,5,5,5,10,,,,,10,,$50.00 ,,10,5,10,5,,,5,5,10,,5,2,,,5,3,Item,ministry/holidayraffle/Lists/HolidayBaskets
Brenda_Watson_760,"Watson, Brenda E",35,35,,,,,,35,,,,,$20.00 ,,,,,,,,,,,,,,,,,,Item,ministry/holidayraffle/Lists/HolidayBaskets
Tim_Cross_761,"Cross, Tim",225,225,10,10,10,20,10,10,10,10,10,10,$100.00 ,10,10,20,10,10,,,20,10,10,,,,,5,5,5,Item,ministry/holidayraffle/Lists/HolidayBaskets
Christopher_Conley_762,"Conley, Christopher",100,100,,,,80,,,,,,,$50.00 ,,,,,,,,,,,,,,,,20,,Item,ministry/holidayraffle/Lists/HolidayBaskets
Kerry_Preble_763,"Preble, Kerry",35,35,4,,,4,,,,,4,,$20.00 ,4,4,4,,,,,,,4,4,,,3,,,,Item,ministry/holidayraffle/Lists/HolidayBaskets
Kathryn_Udina_764,"Udina, Kathryn",100,100,7,,,,,,,,21,,$50.00 ,,15,15,,,,,,10,22,10,,,,,,,Item,ministry/holidayraffle/Lists/HolidayBaskets
Melissa_Miromonti_765,"Miromonti, Melissa",225,225,25,,25,25,,,,25,25,,$100.00 ,,25,25,,,,,,,,25,,,25,,,,Item,ministry/holidayraffle/Lists/HolidayBaskets
Theresa_Croom_766,"Croom, Theresa K",35,35,,,,,,,,,,5,$20.00 ,,,,,,,,30,,,,,,,,,,Item,ministry/holidayraffle/Lists/HolidayBaskets
Sharon_Kness_767,"Kness, Sharon M",35,35,3,,3,3,,,,,3,,$20.00 ,,6,3,,,,,6,,3,5,,,,,,,Item,ministry/holidayraffle/Lists/HolidayBaskets
Joseph_Bohnenkemper_768,"Bohnenkemper, Joe",31,31,,,,,,,,4,4,3,$19.40 ,,,5,,,,,7,,,5,,,3,,,,Item,ministry/holidayraffle/Lists/HolidayBaskets
Deborah_Murphy_769,"Murphy, Deborah A",225,225,10,1,6,20,1,3,20,10,23,1,$100.00 ,1,20,8,8,1,1,1,40,10,15,8,1,1,8,1,5,1,Item,ministry/holidayraffle/Lists/HolidayBaskets
Thomas_Forsyth_770,"Forsyth, Tom",35,35,,,,5,,,,,5,2,$20.00 ,,5,5,3,,,,5,,,5,,,,,,,Item,ministry/holidayraffle/Lists/HolidayBaskets
Cynthia_Burch_771,"Burch, Cynthia R",35,35,,,,5,,,15,5,5,,$20.00 ,,5,,,,,,,,,,,,,,,,Item,ministry/holidayraffle/Lists/HolidayBaskets
Carol_Howell_772,"Howell, Carol",100,100,,5,,5,,,10,,,,$50.00 ,,15,10,,,,,10,,,5,10,10,10,,10,,Item,ministry/holidayraffle/Lists/HolidayBaskets
Danielle_Voss_773,"Voss, Danielle",100,100,5,,,15,,,,,10,,$50.00 ,,10,10,,,,,20,,10,5,5,,5,,5,,Item,ministry/holidayraffle/Lists/HolidayBaskets
Ronald_Haymore_774,"Haymore, Ronald",35,35,,,,,,,6,,6,,$20.00 ,,,6,,,,,6,,6,5,,,,,,,Item,ministry/holidayraffle/Lists/HolidayBaskets
Ronald_Bledsoe_775,"Bledsoe, Ron",100,100,5,,,5,,,,,5,,$50.00 ,,,75,,,,,,,5,5,,,,,,,Item,ministry/holidayraffle/Lists/HolidayBaskets
Jim_Lovell_776,"Lovell, Jim",35,35,10,,,10,,,,,5,,$20.00 ,,,10,,,,,,,,,,,,,,,Item,ministry/holidayraffle/Lists/HolidayBaskets
James_Grover_777,"Grover, Jim",225,225,20,,40,40,,,100,,,,$100.00 ,,,,,,,,5,,,,,,,,20,,Item,ministry/holidayraffle/Lists/HolidayBaskets
Amy_Lynch_778,"Lynch, Amy M",14,14,1,,,1,1,,1,,1,,$10.00 ,,,1,1,,,,2,,,2,1,,1,,1,,Item,ministry/holidayraffle/Lists/HolidayBaskets
Maria_Ludwinski_779,"Ludwinski, Maria L",100,100,,,,,,,,,,,$50.00 ,,,,,,,,100,,,,,,,,,,Item,ministry/holidayraffle/Lists/HolidayBaskets
Rashida_Morris MS PMP_780,"MorrisMSPMP, Rashida",6,6,1,,,1,,,,,1,,$5.00 ,,1,1,,,,,,,,1,,,,,,,Item,ministry/holidayraffle/Lists/HolidayBaskets
Richard_Dunlap_781,"Dunlap, Richard",100,100,,,,,,,,,,,$50.00 ,,,,,,,,50,,,50,,,,,,,Item,ministry/holidayraffle/Lists/HolidayBaskets
Felix_Li_782,"Li, Felix J",35,35,10,,,10,,,,,10,,$20.00 ,,,,,,,,,,,,,5,,,,,Item,ministry/holidayraffle/Lists/HolidayBaskets
Victoria_Castillo_783,"Castillo, Victoria L",100,100,10,,,15,,,,,12,,$50.00 ,,10,10,,,,,20,8,10,5,,,,,,,Item,ministry/holidayraffle/Lists/HolidayBaskets
Nicholas_Boyer_784,"Boyer, Nicholas B",100,100,5,,5,10,,,10,5,15,5,$50.00 ,,5,10,,,,,10,,10,5,,,,,,5,Item,ministry/holidayraffle/Lists/HolidayBaskets
Lucien_Frick_785,"Frick, Lucien E",225,225,,,,100,,,,,100,,$100.00 ,,,,,,,,,,,25,,,,,,,Item,ministry/holidayraffle/Lists/HolidayBaskets
Rhockie_Brown_786,"Brown, Rhockie D",35,35,2,,,3,,2,3,2,3,,$20.00 ,,2,2,,,,,3,,3,2,2,,4,,2,,Item,ministry/holidayraffle/Lists/HolidayBaskets
Aaron_Kjensmo_787,"Kjensmo, Aaron E",35,35,,,,,,,,,,,$20.00 ,,,,,,,,,15,,,,20,,,,,Item,ministry/holidayraffle/Lists/HolidayBaskets
Jessica_Garner_788,"Garner, Jessica",35,35,5,,,10,,,,,10,,$20.00 ,5,,,,,,,5,,,,,,,,,,Item,ministry/holidayraffle/Lists/HolidayBaskets
Sarah_Graham_789,"Graham, Sarah D",6,6,,,,3,,,,,3,,$5.00 ,,,,,,,,,,,,,,,,,,Item,ministry/holidayraffle/Lists/HolidayBaskets
Kimberly_Nugen_790,"Nugen, Kimberly L",100,100,6,,6,6,,,6,6,9,,$50.00 ,,6,6,,,,,7,6,6,6,6,6,6,,6,,Item,ministry/holidayraffle/Lists/HolidayBaskets
Scott_Filla_791,"Filla, Scott E",35,35,4,,,5,,,,,4,,$20.00 ,3,,4,,,,,3,,,4,,4,,,4,,Item,ministry/holidayraffle/Lists/HolidayBaskets
Poppy_Peachee_792,"Peachee, Poppy L",14,14,2,,,10,,,,,2,,$10.00 ,,,,,,,,,,,,,,,,,,Item,ministry/holidayraffle/Lists/HolidayBaskets
Joan_Williams_793,"Williams, Joan",24,24,,,,12,,,,,,,$15.00 ,,,12,,,,,,,,,,,,,,,Item,ministry/holidayraffle/Lists/HolidayBaskets
Ashley_Worthy_794,"Worthy, Ashley I",35,35,,,,,,,,,,,$20.00 ,,,,,,,,,,,35,,,,,,,Item,ministry/holidayraffle/Lists/HolidayBaskets
Sarah_Jordan_795,"Jordan, Sarah A",35,35,2,,,3,,,,,12,,$20.00 ,,3,3,,,,,,,3,2,1,2,,,2,2,Item,ministry/holidayraffle/Lists/HolidayBaskets
Srikanth_Yathigiri_796,"Yathigiri, Srikanth",24,24,4,,,5,,,,,1,,$15.00 ,,2,2,,,,,3,,2,2,2,1,,,,,Item,ministry/holidayraffle/Lists/HolidayBaskets
Dennis_Kleine_797,"Kleine, Dennis",100,100,,,15,15,,,,,10,,$50.00 ,,,10,,,,,10,15,,,,20,,,,5,Item,ministry/holidayraffle/Lists/HolidayBaskets
Jennifer_Brakensiek_798,"Brakensiek, Jennifer",35,35,,,15,15,,,,,,,$20.00 ,,,2,,,,,1,,,2,,,,,,,Item,ministry/holidayraffle/Lists/HolidayBaskets
Curtis_Jenkerson_799,"Jenkerson, Curtis M",35,35,,,,,,,5,,,,$20.00 ,,5,,,,,,10,,,5,,,10,,,,Item,ministry/holidayraffle/Lists/HolidayBaskets
Lara_Dame_800,"Dame, Lara D",35,35,4,,,5,,,3,,5,,$20.00 ,,3,,,,,,4,3,,2,,4,2,,,,Item,ministry/holidayraffle/Lists/HolidayBaskets
Eugene_Bruce_801,"Bruce, Eugene R",14,14,,,,12,,,,,,,$10.00 ,,,,,,,,2,,,,,,,,,,Item,ministry/holidayraffle/Lists/HolidayBaskets
David_Hendel_802,"Hendel, David J",35,35,10,,,,10,,,,,,$20.00 ,,,,,,,,5,,,,,,,,10,,Item,ministry/holidayraffle/Lists/HolidayBaskets
Chelsea_West_804,"West, Chelsea T",325,325,,,,5,,,,,5,,$150.00 ,,,5,,5,,,190,,,5,,50,10,,,50,Item,ministry/holidayraffle/Lists/HolidayBaskets
Vickie_Rogers_805,"Rogers, Vickie D",35,35,3,,3,14,,,,,,,$20.00 ,,4,4,,,,,,,3,2,1,,,1,,,Item,ministry/holidayraffle/Lists/HolidayBaskets
Lisa_Ewing_806,"Ewing, Lisa K",24,24,,,,7,,,,,5,,$15.00 ,,,3,,,,,4,,,,,2,3,,,,Item,ministry/holidayraffle/Lists/HolidayBaskets
Krista_Wheatley_807,"Wheatley, Krista N",100,100,,,,,,,,,,,$50.00 ,,,,,,,,100,,,,,,,,,,Item,ministry/holidayraffle/Lists/HolidayBaskets
David_Mack_808,"Mack, David A",100,100,,,,,,5,,,,,$50.00 ,,,20,,,,,30,,,,,,25,20,,,Item,ministry/holidayraffle/Lists/HolidayBaskets
Nicole_Klein_809,"Klein, Nicole P",35,35,,,,,5,,5,6,,,$20.00 ,,6,5,,,,,,,,,,,8,,,,Item,ministry/holidayraffle/Lists/HolidayBaskets
Eric_Scheidhauer_810,"Scheidhauer, Eric O",6,6,,,,6,,,,,,,$5.00 ,,,,,,,,,,,,,,,,,,Item,ministry/holidayraffle/Lists/HolidayBaskets
Courtney_Hollenbach_811,"Hollenbach, Courtney A",100,100,,,10,75,,,,,,,$50.00 ,,,,,,,,15,,,,,,,,,,Item,ministry/holidayraffle/Lists/HolidayBaskets
Roger_Cummings_812,"Cummings, Roger K",35,35,,,,,,,,,,,$20.00 ,,,35,,,,,,,,,,,,,,,Item,ministry/holidayraffle/Lists/HolidayBaskets
Jana_Deutch_813,"Deutch, Jana",35,35,5,,,10,,,,,,,$20.00 ,,,,,,,,5,,,5,5,,5,,,,Item,ministry/holidayraffle/Lists/HolidayBaskets
Mark_Augustine_814,"Augustine, Mark R",35,35,,,,,,,,,,,$20.00 ,,,,,,,,35,,,,,,,,,,Item,ministry/holidayraffle/Lists/HolidayBaskets
Tameka_Woodson_815,"Woodson, Tameka D",35,35,1,,,3,,,,,10,,$20.00 ,,3,8,,,,,,,10,,,,,,,,Item,ministry/holidayraffle/Lists/HolidayBaskets
Michelle_Vesth_816,"Vesth, Michelle",7,7,,,,,,,,,,,$6.00 ,,,,,,,7,,,,,,,,,,,Item,ministry/holidayraffle/Lists/HolidayBaskets
Jason_Griffith_817,"Griffith, Jason",35,35,,,,35,,,,,,,$20.00 ,,,,,,,,,,,,,,,,,,Item,ministry/holidayraffle/Lists/HolidayBaskets
Sarah_Morgan_818,"Morgan, Sarah E",35,35,5,,,5,,,,,5,,$20.00 ,,5,,,,,,,5,5,5,,,,,,,Item,ministry/holidayraffle/Lists/HolidayBaskets
Karissa_Miller_819,"Miller, Karissa A",100,100,,,,50,,,,,,,$50.00 ,,,,,,,,50,,,,,,,,,,Item,ministry/holidayraffle/Lists/HolidayBaskets
Martha_Pate_820,"Pate, Martha E",35,35,3,,3,3,,,,,3,,$20.00 ,3,3,3,,,,,3,4,,4,,,,3,,,Item,ministry/holidayraffle/Lists/HolidayBaskets
Curtis_Nugent_821,"Nugent, Curtis A",35,35,,,,10,,,,,,,$20.00 ,,,15,,,,,,,,10,,,,,,,Item,ministry/holidayraffle/Lists/HolidayBaskets
Timothy_Fries_822,"Fries, Timothy W",100,100,5,,5,5,,,5,,5,,$50.00 ,,5,5,,1,,,30,,25,1,5,,1,1,1,,Item,ministry/holidayraffle/Lists/HolidayBaskets
James_Maniaci_823,"Maniaci, Jim",225,225,20,,15,40,,5,,,30,1,$100.00 ,1,20,10,1,,,,35,,,10,27,,10,,,,Item,ministry/holidayraffle/Lists/HolidayBaskets
Deanna_Davis_824,"Davis, Deanna M",35,,,,,,,,,,,,$20.00 ,,,,,,,,,,,,,,,,,,Item,ministry/holidayraffle/Lists/HolidayBaskets
Corbett_Bloom_825,"Bloom, Corbett",50,50,,,,,,,,,,5,$25.00 ,,,,,,,,45,,,,,,,,,,Item,ministry/holidayraffle/Lists/HolidayBaskets
Janet_Pifer_826,"Pifer, Janet",50,50,,,,,,,50,,,,$25.00 ,,,,,,,,,,,,,,,,,,Item,ministry/holidayraffle/Lists/HolidayBaskets
Scott_Richert_827,"Richert, Scott",14,14,1,,,,,,,,1,,$10.00 ,,1,,,,,,,8,,,2,,,,,1,Item,ministry/holidayraffle/Lists/HolidayBaskets
Jason_Simpson_828,"Simpson, Jason A",35,35,1,,,7,1,,,,7,,$20.00 ,,6,7,,,,,,,,2,,,,4,,,Item,ministry/holidayraffle/Lists/HolidayBaskets
Allan_Smith_829,"Smith, Allan D",225,225,25,,,75,,,,,50,,$100.00 ,,25,,,,,,50,,,,,,,,,,Item,ministry/holidayraffle/Lists/HolidayBaskets
Michelle_Hof_830,"Hof, Michelle A",35,35,20,,,15,,,,,,,$20.00 ,,,,,,,,,,,,,,,,,,Item,ministry/holidayraffle/Lists/HolidayBaskets
Brittany_Locher_831,"Locher, Brittany L",35,35,,,,1,,,5,2,1,2,$20.00 ,2,5,2,,,,,,5,5,2,,,1,,2,,Item,ministry/holidayraffle/Lists/HolidayBaskets
Andrew_McKinnon_832,"McKinnon, Andrew",225,225,,,,125,,,,,,,$100.00 ,,,,,,,,50,,,,,,,,50,,Item,ministry/holidayraffle/Lists/HolidayBaskets
Douglass_Voshage_833,"Voshage, Doug R",35,35,,,,5,,,,,7,,$20.00 ,,6,5,,,,,,,1,5,,,3,,3,,Item,ministry/holidayraffle/Lists/HolidayBaskets
Edward_Wichmann_834,"Wichmann, Edward L",35,35,4,,,6,,,,,6,,$20.00 ,2,2,5,,,,,5,,,5,,,,,,,Item,ministry/holidayraffle/Lists/HolidayBaskets
Aaron_Kjensmo_835,"Kjensmo, Aaron E",35,35,15,,,,,,,,10,,$20.00 ,,,,,,,,,,10,,,,,,,,Item,ministry/holidayraffle/Lists/HolidayBaskets
Rashida_Morris MS PMP_836,"MorrisMSPMP, Rashida",35,35,5,,,15,,,,,5,,$20.00 ,,5,,,,,,,,,,,,,,5,,Item,ministry/holidayraffle/Lists/HolidayBaskets
David_Hill_837,"Hill, David",225,225,,,40,20,,5,,,20,,$100.00 ,10,30,,,5,,,20,10,20,5,35,,5,,,,Item,ministry/holidayraffle/Lists/HolidayBaskets
Denise_Nazzaro_838,"Nazzaro, Denise M",14,14,,,,,,,,,,,$10.00 ,,,,,,,,14,,,,,,,,,,Item,ministry/holidayraffle/Lists/HolidayBaskets
Richard_Poepping_839,"Poepping, Rick",100,100,,,,,,,,,,,$50.00 ,,,,,,,,85,,,5,,,10,,,,Item,ministry/holidayraffle/Lists/HolidayBaskets
Ronald_Goode_840,"Goode, Ron",100,100,,,,15,,,25,,,,$50.00 ,,,,,,,,30,,,10,,,20,,,,Item,ministry/holidayraffle/Lists/HolidayBaskets
Denise_Nazzaro_841,"Nazzaro, Denise M",21,21,,,,,,,,,,,$10.00 ,,,,,,,,21,,,,,,,,,,Item,ministry/holidayraffle/Lists/HolidayBaskets
Gena_Nolan_842,"Nolan, Gena",35,35,4,,,,3,,,,5,,$20.00 ,,5,,,4,,,4,5,5,,,,,,,,Item,ministry/holidayraffle/Lists/HolidayBaskets
Jack_Obert_843,"Obert, Jack E",100,100,,,,20,,10,,,,,$50.00 ,,10,20,,,,,10,,,20,,,,,10,,Item,ministry/holidayraffle/Lists/HolidayBaskets
Matthew_Tribout_844,"Tribout, Matthew J",220,220,,,,,,,,,,,$97.01 ,,,50,,,,,120,,,50,,,,,,,Item,ministry/holidayraffle/Lists/HolidayBaskets
Lesley_Kirkland_845,"Kirkland, Lesley",100,100,,,,,,50,,,,,$50.00 ,,,,,,,,,,,,,,,,50,,Item,ministry/holidayraffle/Lists/HolidayBaskets
Cynthia_Turner_846,"Turner, Cynthia A",35,35,,,,5,,,2,,5,,$20.00 ,,7,,,,,,,,,,8,,8,,,,Item,ministry/holidayraffle/Lists/HolidayBaskets
Sarah_Morgan_847,"Morgan, Sarah E",100,100,10,,,15,,,,,10,,$50.00 ,,10,10,,,,,,15,10,10,,,,,5,5,Item,ministry/holidayraffle/Lists/HolidayBaskets
Candice_Hill_848,"Hill, Candice R",14,14,2,,,5,,,,,3,,$10.00 ,,1,,,,,,,,2,,,,1,,,,Item,ministry/holidayraffle/Lists/HolidayBaskets
Renee_Maier_849,"Maier, Renee M",225,225,20,,,20,,,,,20,,$100.00 ,,20,20,20,,,,32,,20,20,,,33,,,,Item,ministry/holidayraffle/Lists/HolidayBaskets
Andrea_Berkbuegler_850,"Berkbuegler, Andrea M",35,35,5,,5,5,,5,,,5,,$20.00 ,,,,,,,,,,,10,,,,,,,Item,ministry/holidayraffle/Lists/HolidayBaskets
Sheila_Vlaich_851,"Vlaich, Sheila R",225,225,,,,10,,,,,20,,$100.00 ,,,20,,,,,100,,75,,,,,,,,Item,ministry/holidayraffle/Lists/HolidayBaskets
Debbie_Obertz-Meyer_852,"Obertz-Meyer, Debbie L",100,100,14,,,15,,,,,15,,$50.00 ,,13,15,,,,,,,14,14,,,,,,,Item,ministry/holidayraffle/Lists/HolidayBaskets
Jamin_Gray_853,"Gray, Jamin P",100,100,,,10,,,10,20,,,,$50.00 ,,,,,,,,50,,,,,,,,,10,Item,ministry/holidayraffle/Lists/HolidayBaskets
Greg_Muschong_854,"Muschong, Greg",35,35,3,,,5,,,,,5,,$20.00 ,2,2,4,,,,,2,,,4,,2,2,,2,2,Item,ministry/holidayraffle/Lists/HolidayBaskets
DAVID_WARREN_855,"WARREN, DAVID",100,100,,,,,,,,,,,$50.00 ,,,,,,,,50,,,,,,50,,,,Item,ministry/holidayraffle/Lists/HolidayBaskets
John_Kremer_856,"Kremer, John B",100,100,,,,25,,,,,,,$50.00 ,,,20,,,,,20,,,,,,15,,20,,Item,ministry/holidayraffle/Lists/HolidayBaskets
Savannah_Holland_857,"Holland, Savannah R",100,100,5,,5,5,,,10,,,,$50.00 ,,5,5,,,,,25,5,,5,5,5,10,5,,5,Item,ministry/holidayraffle/Lists/HolidayBaskets
Christina_Font_858,"Font, Christina M",225,225,10,,30,40,,7,,,30,,$100.00 ,,25,5,,,,,2,,50,,20,1,,,5,,Item,ministry/holidayraffle/Lists/HolidayBaskets
Lisa_Lange_859,"Lange, Lisa",35,35,4,,,4,,,,,4,,$20.00 ,,4,4,,,,,3,,4,,4,,,,4,,Item,ministry/holidayraffle/Lists/HolidayBaskets
Maria_Tucci_860,"Tucci, Maria",100,100,,,100,,,,,,,,$50.00 ,,,,,,,,,,,,,,,,,,Item,ministry/holidayraffle/Lists/HolidayBaskets
Jamie_Holland_861,"Holland, Jamie L",225,225,10,6,10,20,2,5,8,5,20,2,$100.00 ,3,15,18,1,3,1,1,20,8,15,18,8,5,10,3,5,3,Item,ministry/holidayraffle/Lists/HolidayBaskets
Benjamin_Barhorst_862,"Barhorst, Ben",35,35,,,,20,,,,,,,$20.00 ,,,,,,,,,,,15,,,,,,,Item,ministry/holidayraffle/Lists/HolidayBaskets
Aqeel_Khan_863,"Khan, Aqeel A",100,100,,,,20,,,,,,,$50.00 ,,,10,,,,,10,,10,20,10,10,,5,5,,Item,ministry/holidayraffle/Lists/HolidayBaskets
Robert_Heitzman_864,"Heitzman, Bob",31,31,2,,2,4,,,2,1,2,1,$19.40 ,,2,2,1,1,,,4,2,2,1,,,1,,1,,Item,ministry/holidayraffle/Lists/HolidayBaskets
Daniel_Magoc_865,"Magoc, Daniel J",225,225,15,,,,,,60,,,,$100.00 ,,10,10,,,,,60,,,,,,60,,10,,Item,ministry/holidayraffle/Lists/HolidayBaskets
Radhika_Pinumalla_866,"Pinumalla, Radhika",14,14,,,,,,,,,,,$10.00 ,,,,,,,,,,,,,7,,,,7,Item,ministry/holidayraffle/Lists/HolidayBaskets
Lisa_Fishman_867,"Fishman, Lisa",100,100,25,,,50,,,,,25,,$50.00 ,,,,,,,,,,,,,,,,,,Item,ministry/holidayraffle/Lists/HolidayBaskets
Angela_Forsythe_868,"Forsythe, Angie E",225,225,25,,,25,,,,,50,,$100.00 ,,,,,,,,100,,,,,,25,,,,Item,ministry/holidayraffle/Lists/HolidayBaskets
Stacey_Ensor_869,"Ensor, Stacey K",35,35,,,,,,10,,,,5,$20.00 ,,,5,,,,,,,5,5,5,,,,,,Item,ministry/holidayraffle/Lists/HolidayBaskets
Connie_Hull_870,"Hull, Connie",35,35,5,,,,,,,,,,$20.00 ,,10,10,,,,,,,,10,,,,,,,Item,ministry/holidayraffle/Lists/HolidayBaskets
Rachel_VanZyverden_871,"VanZyverden, Rachel N",35,35,4,,,5,,,2,,4,,$20.00 ,,5,,,,,,2,,4,4,,,5,,,,Item,ministry/holidayraffle/Lists/HolidayBaskets
Ann_Greenlee_872,"Greenlee, Ann",35,35,5,,,5,,5,,,,,$20.00 ,,5,,,,,,5,,5,5,,,,,,,Item,ministry/holidayraffle/Lists/HolidayBaskets
Christina_O Neil_873,"O'Neil, Christina",35,35,,,4,3,,,1,1,4,,$20.00 ,1,3,,1,,,,4,1,3,,3,1,3,,2,,Item,ministry/holidayraffle/Lists/HolidayBaskets
Tanisha_Luckett_874,"Luckett, Tanisha L",24,24,7,,,9,,,,,7,,$15.00 ,,,,,,,,,,,,,,,,1,,Item,ministry/holidayraffle/Lists/HolidayBaskets
Jennelle_James_875,"James, Jennelle M",100,100,20,,,,,,,,50,,$50.00 ,,30,,,,,,,,,,,,,,,,Item,ministry/holidayraffle/Lists/HolidayBaskets
Lindsey_Brengard_876,"Brengard, Lindsey",14,14,,,,14,,,,,,,$10.00 ,,,,,,,,,,,,,,,,,,Item,ministry/holidayraffle/Lists/HolidayBaskets
Joseph_Light_877,"Light, Joe C",41,41,2,2,1,1,1,1,1,1,1,1,$25.00 ,2,2,2,1,2,0,1,2,1,2,2,2,2,1,2,2,3,Item,ministry/holidayraffle/Lists/HolidayBaskets
Sharon_Goodin_878,"Goodin, Sharon A",14,14,1,,,1,,,,,4,,$10.00 ,,4,2,,,,,1,,,1,,,,,,,Item,ministry/holidayraffle/Lists/HolidayBaskets
Melissa_Saunders_879,"Saunders, Melissa",225,225,,,,50,,,,,20,,$100.00 ,,50,,,,,,,,30,25,,,,,50,,Item,ministry/holidayraffle/Lists/HolidayBaskets
Janell_DeClue_880,"DeClue, Janell E",100,100,20,,,20,,,,,10,,$50.00 ,,10,10,,,,,10,,10,10,,,,,,,Item,ministry/holidayraffle/Lists/HolidayBaskets
Payton_Lanzafame_881,"Lanzafame, Payton",14,14,,,,4,,,,,,,$10.00 ,,,10,,,,,,,,,,,,,,,Item,ministry/holidayraffle/Lists/HolidayBaskets
Lisa_Mulitsch_882,"Mulitsch, Lisa",24,24,4,,,9,,,,,6,,$15.00 ,,3,,,,,,,,2,,,,,,,,Item,ministry/holidayraffle/Lists/HolidayBaskets
John_Miller_883,"Miller, John R",24,24,,,,,,,24,,,,$15.00 ,,,,,,,,,,,,,,,,,,Item,ministry/holidayraffle/Lists/HolidayBaskets
James_Wheeler_884,"Wheeler, James G",35,35,5,,,5,,,,,5,,$20.00 ,,5,5,,,,,5,,5,,,,,,,,Item,ministry/holidayraffle/Lists/HolidayBaskets
Kimberly_Leach_885,"Leach, Kim",35,35,,,,3,,,,,,,$20.00 ,,3,5,,,,,7,,5,5,,,7,,,,Item,ministry/holidayraffle/Lists/HolidayBaskets
Yalonda_Gatlin_886,"Gatlin, Lonnie",100,100,50,,,,,,,,,,$50.00 ,,,,,,,,,,,,,,50,,,,Item,ministry/holidayraffle/Lists/HolidayBaskets
Catherine_Axtell_887,"Axtell, Catherine D",35,35,,,,,,,,,20,,$20.00 ,,,,,,,,,,15,,,,,,,,Item,ministry/holidayraffle/Lists/HolidayBaskets
Nathan_Glisczinski_888,"Glisczinski, Nathan J",49,49,3,,,10,,,,,,,$30.00 ,,8,6,,,,,,,,15,,,,,7,,Item,ministry/holidayraffle/Lists/HolidayBaskets
Tiffany_Staat_889,"Staat, Tiffany M",100,100,50,,,,,,,,50,,$50.00 ,,,,,,,,,,,,,,,,,,Item,ministry/holidayraffle/Lists/HolidayBaskets
Alexa_Clark_890,"Clark, Alexa M",35,35,5,,,5,5,,,5,5,,$20.00 ,,,5,,,,,,,,,,,5,,,,Item,ministry/holidayraffle/Lists/HolidayBaskets
Reginald_Davis_891,"Davis, Reginald",6,,,,,,,,,,,,$5.00 ,,,,,,,,,,,,,,,,,,Item,ministry/holidayraffle/Lists/HolidayBaskets
Brendan_Wood_892,"Wood, Brendan",35,35,,,,20,,,,,,,$20.00 ,,,,,,,,,,,10,,,5,,,,Item,ministry/holidayraffle/Lists/HolidayBaskets
Jennifer_Akuna_893,"Akuna, Jennifer",14,14,,,,,,,,,,,$10.00 ,,,14,,,,,,,,,,,,,,,Item,ministry/holidayraffle/Lists/HolidayBaskets
Radha_Nallabothula_894,"Nallabothula, Radha K",35,35,,,5,5,5,,,,5,,$20.00 ,5,,,,,,,,5,,,,,5,,,,Item,ministry/holidayraffle/Lists/HolidayBaskets
Heather_Derfelt_895,"Derfelt, Heather",35,35,,,,10,,,,,25,,$20.00 ,,,,,,,,,,,,,,,,,,Item,ministry/holidayraffle/Lists/HolidayBaskets
Jennifer_Turpin_896,"Turpin, Jennifer M",24,24,6,,,,,,,,5,,$15.00 ,,6,5,,,,,,,2,,,,,,,,Item,ministry/holidayraffle/Lists/HolidayBaskets
Brandi_Sopher_897,"Sopher, Brandi A",100,100,,,,40,,,,,,,$50.00 ,,10,10,,,,,10,,,5,,,25,,,,Item,ministry/holidayraffle/Lists/HolidayBaskets
Christina_Wallin_898,"Wallin, Christina",35,35,9,,,,,,,,9,,$20.00 ,,,5,,,,,9,,,3,,,,,,,Item,ministry/holidayraffle/Lists/HolidayBaskets
Bhanu Teja_Kurucheti_899,"Kurucheti, BhanuTeja",14,14,,,,,,,,,14,,$10.00 ,,,,,,,,,,,,,,,,,,Item,ministry/holidayraffle/Lists/HolidayBaskets
Stephenie_Hargrove_900,"Hargrove, Stephenie",35,35,2,1,1,2,1,1,,1,2,1,$20.00 ,1,1,3,1,1,1,1,3,1,1,1,2,2,1,1,1,1,Item,ministry/holidayraffle/Lists/HolidayBaskets
Jonathan_Schaben_901,"Schaben, Jonathan",100,100,,,,,,,,,,,$50.00 ,,,99,,,,,,,,1,,,,,,,Item,ministry/holidayraffle/Lists/HolidayBaskets
Rajeev_Kumar_902,"Kumar, Rajeev",225,225,,,,75,,,,,,,$100.00 ,,,75,,,,,,,,75,,,,,,,Item,ministry/holidayraffle/Lists/HolidayBaskets
Radha_Nallabothula_903,"Nallabothula, Radha K",49,49,2,2,2,2,2,2,2,2,2,2,$30.00 ,2,2,2,2,2,2,2,2,2,2,2,2,2,2,1,,,Item,ministry/holidayraffle/Lists/HolidayBaskets